VariableGroup,Subgroup,Variable,Area,Year,Value,Unit,Symbol,IsAggregate
Water use,Pressure on water resources,SDG 6.4.2. Water Stress,Afghanistan,2017,54.75701944,%,E,FALSE
Water use,Pressure on water resources,SDG 6.4.2. Water Stress,Afghanistan,2018,54.75701944,%,E,FALSE
Water use,Pressure on water resources,SDG 6.4.2. Water Stress,Afghanistan,2019,54.75701944,%,E,FALSE
Water use,Pressure on water resources,SDG 6.4.2. Water Stress,Afghanistan,2020,54.75701944,%,E,FALSE
Water use,Pressure on water resources,SDG 6.4.2. Water Stress,Afghanistan,2021,54.75701944,%,E,FALSE
Water use,Pressure on water resources,SDG 6.4.2. Water Stress,Albania,2017,6.556490385,%,E,FALSE
Water use,Pressure on water resources,SDG 6.4.2. Water Stress,Albania,2018,5.757211539,%,E,FALSE
Water use,Pressure on water resources,SDG 6.4.2. Water Stress,Albania,2019,6.796875,%,E,FALSE
Water use,Pressure on water resources,SDG 6.4.2. Water Stress,Albania,2020,4.723557692,%,E,FALSE
Water use,Pressure on water resources,SDG 6.4.2. Water Stress,Albania,2021,4.783653846,%,E,FALSE
Water use,Pressure on water resources,SDG 6.4.2. Water Stress,Algeria,2017,137.9203602,%,E,FALSE
Water use,Pressure on water resources,SDG 6.4.2. Water Stress,Algeria,2018,137.9203602,%,E,FALSE
Water use,Pressure on water resources,SDG 6.4.2. Water Stress,Algeria,2019,137.9203602,%,E,FALSE
Water use,Pressure on water resources,SDG 6.4.2. Water Stress,Algeria,2020,137.9203602,%,E,FALSE
Water use,Pressure on water resources,SDG 6.4.2. Water Stress,Algeria,2021,137.9203602,%,E,FALSE
Water use,Pressure on water resources,SDG 6.4.2. Water Stress,Angola,2017,1.871883289,%,E,FALSE
Water use,Pressure on water resources,SDG 6.4.2. Water Stress,Angola,2018,1.871883289,%,E,FALSE
Water use,Pressure on water resources,SDG 6.4.2. Water Stress,Angola,2019,1.871883289,%,E,FALSE
Water use,Pressure on water resources,SDG 6.4.2. Water Stress,Angola,2020,1.871883289,%,E,FALSE
Water use,Pressure on water resources,SDG 6.4.2. Water Stress,Angola,2021,1.871883289,%,E,FALSE
Water use,Pressure on water resources,SDG 6.4.2. Water Stress,Antigua and Barbuda,2017,8.461538461,%,I,FALSE
Water use,Pressure on water resources,SDG 6.4.2. Water Stress,Antigua and Barbuda,2018,8.461538461,%,I,FALSE
Water use,Pressure on water resources,SDG 6.4.2. Water Stress,Antigua and Barbuda,2019,8.461538461,%,I,FALSE
Water use,Pressure on water resources,SDG 6.4.2. Water Stress,Antigua and Barbuda,2020,8.461538461,%,I,FALSE
Water use,Pressure on water resources,SDG 6.4.2. Water Stress,Antigua and Barbuda,2021,8.461538461,%,I,FALSE
Water use,Pressure on water resources,SDG 6.4.2. Water Stress,Argentina,2017,10.45666408,%,E,FALSE
Water use,Pressure on water resources,SDG 6.4.2. Water Stress,Argentina,2018,10.45666408,%,E,FALSE
Water use,Pressure on water resources,SDG 6.4.2. Water Stress,Argentina,2019,10.45666408,%,E,FALSE
Water use,Pressure on water resources,SDG 6.4.2. Water Stress,Argentina,2020,10.45666408,%,E,FALSE
Water use,Pressure on water resources,SDG 6.4.2. Water Stress,Argentina,2021,10.45666408,%,E,FALSE
Water use,Pressure on water resources,SDG 6.4.2. Water Stress,Armenia,2017,57.79705467,%,E,FALSE
Water use,Pressure on water resources,SDG 6.4.2. Water Stress,Armenia,2018,54.75085737,%,E,FALSE
Water use,Pressure on water resources,SDG 6.4.2. Water Stress,Armenia,2019,57.79705467,%,E,FALSE
Water use,Pressure on water resources,SDG 6.4.2. Water Stress,Armenia,2020,57.09098245,%,E,FALSE
Water use,Pressure on water resources,SDG 6.4.2. Water Stress,Armenia,2021,59.85475086,%,E,FALSE
Water use,Pressure on water resources,SDG 6.4.2. Water Stress,Australia,2017,4.84866963,%,E,FALSE
Water use,Pressure on water resources,SDG 6.4.2. Water Stress,Australia,2018,4.957780458,%,E,FALSE
Water use,Pressure on water resources,SDG 6.4.2. Water Stress,Australia,2019,4.246079614,%,E,FALSE
Water use,Pressure on water resources,SDG 6.4.2. Water Stress,Australia,2020,3.486127865,%,E,FALSE
Water use,Pressure on water resources,SDG 6.4.2. Water Stress,Australia,2021,4.599919582,%,E,FALSE
Water use,Pressure on water resources,SDG 6.4.2. Water Stress,Austria,2017,8.891345062,%,E,FALSE
Water use,Pressure on water resources,SDG 6.4.2. Water Stress,Austria,2018,8.783887507,%,E,FALSE
Water use,Pressure on water resources,SDG 6.4.2. Water Stress,Austria,2019,8.676429953,%,E,FALSE
Water use,Pressure on water resources,SDG 6.4.2. Water Stress,Austria,2020,8.676429953,%,E,FALSE
Water use,Pressure on water resources,SDG 6.4.2. Water Stress,Austria,2021,8.676429953,%,E,FALSE
Water use,Pressure on water resources,SDG 6.4.2. Water Stress,Azerbaijan,2017,53.52174873,%,E,FALSE
Water use,Pressure on water resources,SDG 6.4.2. Water Stress,Azerbaijan,2018,53.72930007,%,E,FALSE
Water use,Pressure on water resources,SDG 6.4.2. Water Stress,Azerbaijan,2019,55.59726209,%,E,FALSE
Water use,Pressure on water resources,SDG 6.4.2. Water Stress,Azerbaijan,2020,53.88862884,%,E,FALSE
Water use,Pressure on water resources,SDG 6.4.2. Water Stress,Azerbaijan,2021,57.26588651,%,E,FALSE
Water use,Pressure on water resources,SDG 6.4.2. Water Stress,Bahrain,2017,133.7068966,%,I,FALSE
Water use,Pressure on water resources,SDG 6.4.2. Water Stress,Bahrain,2018,133.7068966,%,I,FALSE
Water use,Pressure on water resources,SDG 6.4.2. Water Stress,Bahrain,2019,133.7068966,%,I,FALSE
Water use,Pressure on water resources,SDG 6.4.2. Water Stress,Bahrain,2020,133.7068966,%,I,FALSE
Water use,Pressure on water resources,SDG 6.4.2. Water Stress,Bahrain,2021,133.7068966,%,I,FALSE
Water use,Pressure on water resources,SDG 6.4.2. Water Stress,Bangladesh,2017,5.723339482,%,E,FALSE
Water use,Pressure on water resources,SDG 6.4.2. Water Stress,Bangladesh,2018,5.723339482,%,E,FALSE
Water use,Pressure on water resources,SDG 6.4.2. Water Stress,Bangladesh,2019,5.723339482,%,E,FALSE
Water use,Pressure on water resources,SDG 6.4.2. Water Stress,Bangladesh,2020,5.723339482,%,E,FALSE
Water use,Pressure on water resources,SDG 6.4.2. Water Stress,Bangladesh,2021,5.723339482,%,E,FALSE
Water use,Pressure on water resources,SDG 6.4.2. Water Stress,Barbados,2017,87.5,%,I,FALSE
Water use,Pressure on water resources,SDG 6.4.2. Water Stress,Barbados,2018,87.5,%,I,FALSE
Water use,Pressure on water resources,SDG 6.4.2. Water Stress,Barbados,2019,87.5,%,I,FALSE
Water use,Pressure on water resources,SDG 6.4.2. Water Stress,Barbados,2020,87.5,%,I,FALSE
Water use,Pressure on water resources,SDG 6.4.2. Water Stress,Barbados,2021,87.5,%,I,FALSE
Water use,Pressure on water resources,SDG 6.4.2. Water Stress,Belarus,2017,4.604482531,%,E,FALSE
Water use,Pressure on water resources,SDG 6.4.2. Water Stress,Belarus,2018,4.581410679,%,E,FALSE
Water use,Pressure on water resources,SDG 6.4.2. Water Stress,Belarus,2019,4.475939354,%,E,FALSE
Water use,Pressure on water resources,SDG 6.4.2. Water Stress,Belarus,2020,4.377059987,%,E,FALSE
Water use,Pressure on water resources,SDG 6.4.2. Water Stress,Belarus,2021,4.696769941,%,E,FALSE
Water use,Pressure on water resources,SDG 6.4.2. Water Stress,Belgium,2017,53.95676474,%,E,FALSE
Water use,Pressure on water resources,SDG 6.4.2. Water Stress,Belgium,2018,51.28992629,%,E,FALSE
Water use,Pressure on water resources,SDG 6.4.2. Water Stress,Belgium,2019,51.58476659,%,E,FALSE
Water use,Pressure on water resources,SDG 6.4.2. Water Stress,Belgium,2020,51.87960688,%,E,FALSE
Water use,Pressure on water resources,SDG 6.4.2. Water Stress,Belgium,2021,51.87960688,%,E,FALSE
Water use,Pressure on water resources,SDG 6.4.2. Water Stress,Belize,2017,1.260294485,%,E,FALSE
Water use,Pressure on water resources,SDG 6.4.2. Water Stress,Belize,2018,1.260294485,%,E,FALSE
Water use,Pressure on water resources,SDG 6.4.2. Water Stress,Belize,2019,1.260294485,%,E,FALSE
Water use,Pressure on water resources,SDG 6.4.2. Water Stress,Belize,2020,1.260294485,%,E,FALSE
Water use,Pressure on water resources,SDG 6.4.2. Water Stress,Belize,2021,1.260294485,%,E,FALSE
Water use,Pressure on water resources,SDG 6.4.2. Water Stress,Benin,2017,0.975243811,%,E,FALSE
Water use,Pressure on water resources,SDG 6.4.2. Water Stress,Benin,2018,0.975243811,%,E,FALSE
Water use,Pressure on water resources,SDG 6.4.2. Water Stress,Benin,2019,0.975243811,%,E,FALSE
Water use,Pressure on water resources,SDG 6.4.2. Water Stress,Benin,2020,0.975243811,%,E,FALSE
Water use,Pressure on water resources,SDG 6.4.2. Water Stress,Benin,2021,0.975243811,%,E,FALSE
Water use,Pressure on water resources,SDG 6.4.2. Water Stress,Bhutan,2017,1.413807531,%,E,FALSE
Water use,Pressure on water resources,SDG 6.4.2. Water Stress,Bhutan,2018,1.413807531,%,E,FALSE
Water use,Pressure on water resources,SDG 6.4.2. Water Stress,Bhutan,2019,1.413807531,%,E,FALSE
Water use,Pressure on water resources,SDG 6.4.2. Water Stress,Bhutan,2020,1.413807531,%,E,FALSE
Water use,Pressure on water resources,SDG 6.4.2. Water Stress,Bhutan,2021,1.413807531,%,E,FALSE
Water use,Pressure on water resources,SDG 6.4.2. Water Stress,Bolivia,2017,1.229431522,%,E,FALSE
Water use,Pressure on water resources,SDG 6.4.2. Water Stress,Bolivia,2018,1.235985321,%,E,FALSE
Water use,Pressure on water resources,SDG 6.4.2. Water Stress,Bolivia,2019,1.242539121,%,E,FALSE
Water use,Pressure on water resources,SDG 6.4.2. Water Stress,Bolivia,2020,1.245288557,%,E,FALSE
Water use,Pressure on water resources,SDG 6.4.2. Water Stress,Bolivia,2021,1.2429031,%,E,FALSE
Water use,Pressure on water resources,SDG 6.4.2. Water Stress,Bosnia and Herzegovina,2017,2.662018592,%,E,FALSE
Water use,Pressure on water resources,SDG 6.4.2. Water Stress,Bosnia and Herzegovina,2018,2.071713147,%,E,FALSE
Water use,Pressure on water resources,SDG 6.4.2. Water Stress,Bosnia and Herzegovina,2019,2.028552457,%,E,FALSE
Water use,Pressure on water resources,SDG 6.4.2. Water Stress,Bosnia and Herzegovina,2020,1.999521912,%,E,FALSE
Water use,Pressure on water resources,SDG 6.4.2. Water Stress,Bosnia and Herzegovina,2021,2.034840637,%,E,FALSE
Water use,Pressure on water resources,SDG 6.4.2. Water Stress,Botswana,2017,2.018195127,%,E,FALSE
Water use,Pressure on water resources,SDG 6.4.2. Water Stress,Botswana,2018,2.133221792,%,E,FALSE
Water use,Pressure on water resources,SDG 6.4.2. Water Stress,Botswana,2019,2.112307853,%,E,FALSE
Water use,Pressure on water resources,SDG 6.4.2. Water Stress,Botswana,2020,2.305004706,%,E,FALSE
Water use,Pressure on water resources,SDG 6.4.2. Water Stress,Botswana,2021,2.442972916,%,E,FALSE
Water use,Pressure on water resources,SDG 6.4.2. Water Stress,Brazil,2017,3.105437352,%,E,FALSE
Water use,Pressure on water resources,SDG 6.4.2. Water Stress,Brazil,2018,1.464112726,%,E,FALSE
Water use,Pressure on water resources,SDG 6.4.2. Water Stress,Brazil,2019,1.484808454,%,E,FALSE
Water use,Pressure on water resources,SDG 6.4.2. Water Stress,Brazil,2020,1.479304271,%,E,FALSE
Water use,Pressure on water resources,SDG 6.4.2. Water Stress,Brazil,2021,1.481946279,%,E,FALSE
Water use,Pressure on water resources,SDG 6.4.2. Water Stress,Brunei,2017,3.466465712,%,E,FALSE
Water use,Pressure on water resources,SDG 6.4.2. Water Stress,Brunei,2018,3.466465712,%,E,FALSE
Water use,Pressure on water resources,SDG 6.4.2. Water Stress,Brunei,2019,3.466465712,%,E,FALSE
Water use,Pressure on water resources,SDG 6.4.2. Water Stress,Brunei,2020,3.466465712,%,E,FALSE
Water use,Pressure on water resources,SDG 6.4.2. Water Stress,Brunei,2021,3.466465712,%,E,FALSE
Water use,Pressure on water resources,SDG 6.4.2. Water Stress,Bulgaria,2017,41.82127282,%,E,FALSE
Water use,Pressure on water resources,SDG 6.4.2. Water Stress,Bulgaria,2018,40.09904649,%,E,FALSE
Water use,Pressure on water resources,SDG 6.4.2. Water Stress,Bulgaria,2019,40.07687191,%,E,FALSE
Water use,Pressure on water resources,SDG 6.4.2. Water Stress,Bulgaria,2020,37.51940276,%,E,FALSE
Water use,Pressure on water resources,SDG 6.4.2. Water Stress,Bulgaria,2021,37.51940276,%,E,FALSE
Water use,Pressure on water resources,SDG 6.4.2. Water Stress,Burkina Faso,2017,7.820267686,%,E,FALSE
Water use,Pressure on water resources,SDG 6.4.2. Water Stress,Burkina Faso,2018,7.820267686,%,E,FALSE
Water use,Pressure on water resources,SDG 6.4.2. Water Stress,Burkina Faso,2019,7.820267686,%,E,FALSE
Water use,Pressure on water resources,SDG 6.4.2. Water Stress,Burkina Faso,2020,7.820267686,%,E,FALSE
Water use,Pressure on water resources,SDG 6.4.2. Water Stress,Burkina Faso,2021,7.820267686,%,E,FALSE
Water use,Pressure on water resources,SDG 6.4.2. Water Stress,Burundi,2017,10.19286754,%,E,FALSE
Water use,Pressure on water resources,SDG 6.4.2. Water Stress,Burundi,2018,10.19286754,%,E,FALSE
Water use,Pressure on water resources,SDG 6.4.2. Water Stress,Burundi,2019,10.19286754,%,E,FALSE
Water use,Pressure on water resources,SDG 6.4.2. Water Stress,Burundi,2020,10.19286754,%,E,FALSE
Water use,Pressure on water resources,SDG 6.4.2. Water Stress,Burundi,2021,10.19286754,%,E,FALSE
Water use,Pressure on water resources,SDG 6.4.2. Water Stress,Cabo Verde,2017,42.02093348,%,E,FALSE
Water use,Pressure on water resources,SDG 6.4.2. Water Stress,Cabo Verde,2018,44.38900841,%,E,FALSE
Water use,Pressure on water resources,SDG 6.4.2. Water Stress,Cabo Verde,2019,48.95751,%,E,FALSE
Water use,Pressure on water resources,SDG 6.4.2. Water Stress,Cabo Verde,2020,68.94373667,%,E,FALSE
Water use,Pressure on water resources,SDG 6.4.2. Water Stress,Cabo Verde,2021,57.17750667,%,E,FALSE
Water use,Pressure on water resources,SDG 6.4.2. Water Stress,Cambodia,2017,1.03654485,%,E,FALSE
Water use,Pressure on water resources,SDG 6.4.2. Water Stress,Cambodia,2018,1.03654485,%,E,FALSE
Water use,Pressure on water resources,SDG 6.4.2. Water Stress,Cambodia,2019,1.03654485,%,E,FALSE
Water use,Pressure on water resources,SDG 6.4.2. Water Stress,Cambodia,2020,1.03654485,%,E,FALSE
Water use,Pressure on water resources,SDG 6.4.2. Water Stress,Cambodia,2021,1.03654485,%,E,FALSE
Water use,Pressure on water resources,SDG 6.4.2. Water Stress,Cameroon,2017,1.560430107,%,E,FALSE
Water use,Pressure on water resources,SDG 6.4.2. Water Stress,Cameroon,2018,1.560430107,%,E,FALSE
Water use,Pressure on water resources,SDG 6.4.2. Water Stress,Cameroon,2019,1.560430107,%,E,FALSE
Water use,Pressure on water resources,SDG 6.4.2. Water Stress,Cameroon,2020,1.560430107,%,E,FALSE
Water use,Pressure on water resources,SDG 6.4.2. Water Stress,Cameroon,2021,1.560430107,%,E,FALSE
Water use,Pressure on water resources,SDG 6.4.2. Water Stress,Canada,2017,3.733573635,%,E,FALSE
Water use,Pressure on water resources,SDG 6.4.2. Water Stress,Canada,2018,3.733573635,%,E,FALSE
Water use,Pressure on water resources,SDG 6.4.2. Water Stress,Canada,2019,3.733573635,%,E,FALSE
Water use,Pressure on water resources,SDG 6.4.2. Water Stress,Canada,2020,3.733573635,%,E,FALSE
Water use,Pressure on water resources,SDG 6.4.2. Water Stress,Canada,2021,3.733573635,%,E,FALSE
Water use,Pressure on water resources,SDG 6.4.2. Water Stress,Central African Republic,2017,0.335648148,%,E,FALSE
Water use,Pressure on water resources,SDG 6.4.2. Water Stress,Central African Republic,2018,0.335648148,%,E,FALSE
Water use,Pressure on water resources,SDG 6.4.2. Water Stress,Central African Republic,2019,0.335648148,%,E,FALSE
Water use,Pressure on water resources,SDG 6.4.2. Water Stress,Central African Republic,2020,0.335648148,%,E,FALSE
Water use,Pressure on water resources,SDG 6.4.2. Water Stress,Central African Republic,2021,0.335648148,%,E,FALSE
Water use,Pressure on water resources,SDG 6.4.2. Water Stress,Chad,2017,4.294921875,%,E,FALSE
Water use,Pressure on water resources,SDG 6.4.2. Water Stress,Chad,2018,4.294921875,%,E,FALSE
Water use,Pressure on water resources,SDG 6.4.2. Water Stress,Chad,2019,4.294921875,%,E,FALSE
Water use,Pressure on water resources,SDG 6.4.2. Water Stress,Chad,2020,4.294921875,%,E,FALSE
Water use,Pressure on water resources,SDG 6.4.2. Water Stress,Chad,2021,4.294921875,%,E,FALSE
Water use,Pressure on water resources,SDG 6.4.2. Water Stress,Chile,2017,8.982121089,%,E,FALSE
Water use,Pressure on water resources,SDG 6.4.2. Water Stress,Chile,2018,8.982121089,%,E,FALSE
Water use,Pressure on water resources,SDG 6.4.2. Water Stress,Chile,2019,8.982121089,%,E,FALSE
Water use,Pressure on water resources,SDG 6.4.2. Water Stress,Chile,2020,8.982121089,%,E,FALSE
Water use,Pressure on water resources,SDG 6.4.2. Water Stress,Chile,2021,8.982121089,%,E,FALSE
Water use,Pressure on water resources,SDG 6.4.2. Water Stress,China,2017,43.54449979,%,E,FALSE
Water use,Pressure on water resources,SDG 6.4.2. Water Stress,China,2018,43.30275631,%,E,FALSE
Water use,Pressure on water resources,SDG 6.4.2. Water Stress,China,2019,43.97540205,%,E,FALSE
Water use,Pressure on water resources,SDG 6.4.2. Water Stress,China,2020,41.5185288,%,E,FALSE
Water use,Pressure on water resources,SDG 6.4.2. Water Stress,China,2021,41.5185288,%,E,FALSE
Water use,Pressure on water resources,SDG 6.4.2. Water Stress,Colombia,2017,4.126292522,%,E,FALSE
Water use,Pressure on water resources,SDG 6.4.2. Water Stress,Colombia,2018,4.063461168,%,E,FALSE
Water use,Pressure on water resources,SDG 6.4.2. Water Stress,Colombia,2019,4.169438689,%,E,FALSE
Water use,Pressure on water resources,SDG 6.4.2. Water Stress,Colombia,2020,4.282896247,%,E,FALSE
Water use,Pressure on water resources,SDG 6.4.2. Water Stress,Colombia,2021,4.39097809,%,E,FALSE
Water use,Pressure on water resources,SDG 6.4.2. Water Stress,Comoros,2017,0.833333333,%,I,FALSE
Water use,Pressure on water resources,SDG 6.4.2. Water Stress,Comoros,2018,0.833333333,%,I,FALSE
Water use,Pressure on water resources,SDG 6.4.2. Water Stress,Comoros,2019,0.833333333,%,I,FALSE
Water use,Pressure on water resources,SDG 6.4.2. Water Stress,Comoros,2020,0.833333333,%,I,FALSE
Water use,Pressure on water resources,SDG 6.4.2. Water Stress,Comoros,2021,0.833333333,%,I,FALSE
Water use,Pressure on water resources,SDG 6.4.2. Water Stress,Congo,2017,0.027446301,%,E,FALSE
Water use,Pressure on water resources,SDG 6.4.2. Water Stress,Congo,2018,0.027446301,%,E,FALSE
Water use,Pressure on water resources,SDG 6.4.2. Water Stress,Congo,2019,0.027446301,%,E,FALSE
Water use,Pressure on water resources,SDG 6.4.2. Water Stress,Congo,2020,0.027446301,%,E,FALSE
Water use,Pressure on water resources,SDG 6.4.2. Water Stress,Congo,2021,0.027446301,%,E,FALSE
Water use,Pressure on water resources,SDG 6.4.2. Water Stress,Costa Rica,2017,4.163822526,%,E,FALSE
Water use,Pressure on water resources,SDG 6.4.2. Water Stress,Costa Rica,2018,5.211023891,%,E,FALSE
Water use,Pressure on water resources,SDG 6.4.2. Water Stress,Costa Rica,2019,5.355170648,%,E,FALSE
Water use,Pressure on water resources,SDG 6.4.2. Water Stress,Costa Rica,2020,5.351672355,%,E,FALSE
Water use,Pressure on water resources,SDG 6.4.2. Water Stress,Costa Rica,2021,5.881962457,%,E,FALSE
Water use,Pressure on water resources,SDG 6.4.2. Water Stress,Croatia,2017,1.502830147,%,E,FALSE
Water use,Pressure on water resources,SDG 6.4.2. Water Stress,Croatia,2018,1.486674077,%,E,FALSE
Water use,Pressure on water resources,SDG 6.4.2. Water Stress,Croatia,2019,1.493997332,%,E,FALSE
Water use,Pressure on water resources,SDG 6.4.2. Water Stress,Croatia,2020,1.462872388,%,E,FALSE
Water use,Pressure on water resources,SDG 6.4.2. Water Stress,Croatia,2021,1.47843486,%,E,FALSE
Water use,Pressure on water resources,SDG 6.4.2. Water Stress,Cuba,2017,23.93944607,%,E,FALSE
Water use,Pressure on water resources,SDG 6.4.2. Water Stress,Cuba,2018,23.93944607,%,E,FALSE
Water use,Pressure on water resources,SDG 6.4.2. Water Stress,Cuba,2019,23.93944607,%,E,FALSE
Water use,Pressure on water resources,SDG 6.4.2. Water Stress,Cuba,2020,23.93944607,%,E,FALSE
Water use,Pressure on water resources,SDG 6.4.2. Water Stress,Cuba,2021,23.93944607,%,E,FALSE
Water use,Pressure on water resources,SDG 6.4.2. Water Stress,Cyprus,2017,29.52433024,%,E,FALSE
Water use,Pressure on water resources,SDG 6.4.2. Water Stress,Cyprus,2018,28.29414981,%,E,FALSE
Water use,Pressure on water resources,SDG 6.4.2. Water Stress,Cyprus,2019,27.61071624,%,E,FALSE
Water use,Pressure on water resources,SDG 6.4.2. Water Stress,Cyprus,2020,31.57463095,%,E,FALSE
Water use,Pressure on water resources,SDG 6.4.2. Water Stress,Cyprus,2021,32.1213778,%,E,FALSE
Water use,Pressure on water resources,SDG 6.4.2. Water Stress,Czechia,2017,24.78710462,%,E,FALSE
Water use,Pressure on water resources,SDG 6.4.2. Water Stress,Czechia,2018,24.17883212,%,E,FALSE
Water use,Pressure on water resources,SDG 6.4.2. Water Stress,Czechia,2019,22.90145985,%,E,FALSE
Water use,Pressure on water resources,SDG 6.4.2. Water Stress,Czechia,2020,20.77250608,%,E,FALSE
Water use,Pressure on water resources,SDG 6.4.2. Water Stress,Czechia,2021,20.51399027,%,E,FALSE
Water use,Pressure on water resources,SDG 6.4.2. Water Stress,Côte d'Ivoire,2017,5.087565674,%,E,FALSE
Water use,Pressure on water resources,SDG 6.4.2. Water Stress,Côte d'Ivoire,2018,5.087565674,%,E,FALSE
Water use,Pressure on water resources,SDG 6.4.2. Water Stress,Côte d'Ivoire,2019,5.087565674,%,E,FALSE
Water use,Pressure on water resources,SDG 6.4.2. Water Stress,Côte d'Ivoire,2020,5.087565674,%,E,FALSE
Water use,Pressure on water resources,SDG 6.4.2. Water Stress,Côte d'Ivoire,2021,5.087565674,%,E,FALSE
Water use,Pressure on water resources,SDG 6.4.2. Water Stress,Democratic People's Republic of Korea,2017,27.7404678,%,E,FALSE
Water use,Pressure on water resources,SDG 6.4.2. Water Stress,Democratic People's Republic of Korea,2018,27.7404678,%,E,FALSE
Water use,Pressure on water resources,SDG 6.4.2. Water Stress,Democratic People's Republic of Korea,2019,27.7404678,%,E,FALSE
Water use,Pressure on water resources,SDG 6.4.2. Water Stress,Democratic People's Republic of Korea,2020,27.7404678,%,E,FALSE
Water use,Pressure on water resources,SDG 6.4.2. Water Stress,Democratic People's Republic of Korea,2021,27.7404678,%,E,FALSE
Water use,Pressure on water resources,SDG 6.4.2. Water Stress,Democratic Republic of the Congo,2017,0.226883505,%,E,FALSE
Water use,Pressure on water resources,SDG 6.4.2. Water Stress,Democratic Republic of the Congo,2018,0.226883505,%,E,FALSE
Water use,Pressure on water resources,SDG 6.4.2. Water Stress,Democratic Republic of the Congo,2019,0.226883505,%,E,FALSE
Water use,Pressure on water resources,SDG 6.4.2. Water Stress,Democratic Republic of the Congo,2020,0.226883505,%,E,FALSE
Water use,Pressure on water resources,SDG 6.4.2. Water Stress,Democratic Republic of the Congo,2021,0.226883505,%,E,FALSE
Water use,Pressure on water resources,SDG 6.4.2. Water Stress,Denmark,2017,24.22385073,%,E,FALSE
Water use,Pressure on water resources,SDG 6.4.2. Water Stress,Denmark,2018,29.90310979,%,E,FALSE
Water use,Pressure on water resources,SDG 6.4.2. Water Stress,Denmark,2019,25.57041644,%,E,FALSE
Water use,Pressure on water resources,SDG 6.4.2. Water Stress,Denmark,2020,26.40427258,%,E,FALSE
Water use,Pressure on water resources,SDG 6.4.2. Water Stress,Denmark,2021,26.40427258,%,E,FALSE
Water use,Pressure on water resources,SDG 6.4.2. Water Stress,Djibouti,2017,6.333333333,%,I,FALSE
Water use,Pressure on water resources,SDG 6.4.2. Water Stress,Djibouti,2018,6.333333333,%,I,FALSE
Water use,Pressure on water resources,SDG 6.4.2. Water Stress,Djibouti,2019,6.333333333,%,I,FALSE
Water use,Pressure on water resources,SDG 6.4.2. Water Stress,Djibouti,2020,6.333333333,%,I,FALSE
Water use,Pressure on water resources,SDG 6.4.2. Water Stress,Djibouti,2021,6.333333333,%,I,FALSE
Water use,Pressure on water resources,SDG 6.4.2. Water Stress,Dominica,2017,10,%,I,FALSE
Water use,Pressure on water resources,SDG 6.4.2. Water Stress,Dominica,2018,10,%,I,FALSE
Water use,Pressure on water resources,SDG 6.4.2. Water Stress,Dominica,2019,10,%,I,FALSE
Water use,Pressure on water resources,SDG 6.4.2. Water Stress,Dominica,2020,10,%,I,FALSE
Water use,Pressure on water resources,SDG 6.4.2. Water Stress,Dominica,2021,10,%,I,FALSE
Water use,Pressure on water resources,SDG 6.4.2. Water Stress,Dominican Republic,2017,39.55331412,%,E,FALSE
Water use,Pressure on water resources,SDG 6.4.2. Water Stress,Dominican Republic,2018,39.55331412,%,E,FALSE
Water use,Pressure on water resources,SDG 6.4.2. Water Stress,Dominican Republic,2019,39.55331412,%,E,FALSE
Water use,Pressure on water resources,SDG 6.4.2. Water Stress,Dominican Republic,2020,39.55331412,%,E,FALSE
Water use,Pressure on water resources,SDG 6.4.2. Water Stress,Dominican Republic,2021,39.55331412,%,E,FALSE
Water use,Pressure on water resources,SDG 6.4.2. Water Stress,Ecuador,2017,6.782352941,%,E,FALSE
Water use,Pressure on water resources,SDG 6.4.2. Water Stress,Ecuador,2018,6.782352941,%,E,FALSE
Water use,Pressure on water resources,SDG 6.4.2. Water Stress,Ecuador,2019,6.782352941,%,E,FALSE
Water use,Pressure on water resources,SDG 6.4.2. Water Stress,Ecuador,2020,6.782352941,%,E,FALSE
Water use,Pressure on water resources,SDG 6.4.2. Water Stress,Ecuador,2021,6.782352941,%,E,FALSE
Water use,Pressure on water resources,SDG 6.4.2. Water Stress,Egypt,2017,141.1657559,%,E,FALSE
Water use,Pressure on water resources,SDG 6.4.2. Water Stress,Egypt,2018,141.1657559,%,E,FALSE
Water use,Pressure on water resources,SDG 6.4.2. Water Stress,Egypt,2019,141.1657559,%,E,FALSE
Water use,Pressure on water resources,SDG 6.4.2. Water Stress,Egypt,2020,141.1657559,%,E,FALSE
Water use,Pressure on water resources,SDG 6.4.2. Water Stress,Egypt,2021,141.1657559,%,E,FALSE
Water use,Pressure on water resources,SDG 6.4.2. Water Stress,El Salvador,2017,13.21272614,%,E,FALSE
Water use,Pressure on water resources,SDG 6.4.2. Water Stress,El Salvador,2018,13.21272614,%,E,FALSE
Water use,Pressure on water resources,SDG 6.4.2. Water Stress,El Salvador,2019,13.21272614,%,E,FALSE
Water use,Pressure on water resources,SDG 6.4.2. Water Stress,El Salvador,2020,13.21272614,%,E,FALSE
Water use,Pressure on water resources,SDG 6.4.2. Water Stress,El Salvador,2021,13.21272614,%,E,FALSE
Water use,Pressure on water resources,SDG 6.4.2. Water Stress,Equatorial Guinea,2017,0.183503244,%,E,FALSE
Water use,Pressure on water resources,SDG 6.4.2. Water Stress,Equatorial Guinea,2018,0.183503244,%,E,FALSE
Water use,Pressure on water resources,SDG 6.4.2. Water Stress,Equatorial Guinea,2019,0.183503244,%,E,FALSE
Water use,Pressure on water resources,SDG 6.4.2. Water Stress,Equatorial Guinea,2020,0.183503244,%,E,FALSE
Water use,Pressure on water resources,SDG 6.4.2. Water Stress,Equatorial Guinea,2021,0.183503244,%,E,FALSE
Water use,Pressure on water resources,SDG 6.4.2. Water Stress,Eritrea,2017,11.17511521,%,E,FALSE
Water use,Pressure on water resources,SDG 6.4.2. Water Stress,Eritrea,2018,11.17511521,%,E,FALSE
Water use,Pressure on water resources,SDG 6.4.2. Water Stress,Eritrea,2019,11.17511521,%,E,FALSE
Water use,Pressure on water resources,SDG 6.4.2. Water Stress,Eritrea,2020,11.17511521,%,E,FALSE
Water use,Pressure on water resources,SDG 6.4.2. Water Stress,Eritrea,2021,11.17511521,%,E,FALSE
Water use,Pressure on water resources,SDG 6.4.2. Water Stress,Estonia,2017,19.31709957,%,E,FALSE
Water use,Pressure on water resources,SDG 6.4.2. Water Stress,Estonia,2018,17.40844156,%,E,FALSE
Water use,Pressure on water resources,SDG 6.4.2. Water Stress,Estonia,2019,10.89231602,%,E,FALSE
Water use,Pressure on water resources,SDG 6.4.2. Water Stress,Estonia,2020,9.231085498,%,E,FALSE
Water use,Pressure on water resources,SDG 6.4.2. Water Stress,Estonia,2021,10.81980133,%,E,FALSE
Water use,Pressure on water resources,SDG 6.4.2. Water Stress,Eswatini,2017,77.55991285,%,E,FALSE
Water use,Pressure on water resources,SDG 6.4.2. Water Stress,Eswatini,2018,77.55991285,%,E,FALSE
Water use,Pressure on water resources,SDG 6.4.2. Water Stress,Eswatini,2019,77.55991285,%,E,FALSE
Water use,Pressure on water resources,SDG 6.4.2. Water Stress,Eswatini,2020,77.55991285,%,E,FALSE
Water use,Pressure on water resources,SDG 6.4.2. Water Stress,Eswatini,2021,77.55991285,%,E,FALSE
Water use,Pressure on water resources,SDG 6.4.2. Water Stress,Ethiopia,2017,32.25718654,%,E,FALSE
Water use,Pressure on water resources,SDG 6.4.2. Water Stress,Ethiopia,2018,32.25718654,%,E,FALSE
Water use,Pressure on water resources,SDG 6.4.2. Water Stress,Ethiopia,2019,32.25718654,%,E,FALSE
Water use,Pressure on water resources,SDG 6.4.2. Water Stress,Ethiopia,2020,32.25718654,%,E,FALSE
Water use,Pressure on water resources,SDG 6.4.2. Water Stress,Ethiopia,2021,32.25718654,%,E,FALSE
Water use,Pressure on water resources,SDG 6.4.2. Water Stress,Fiji,2017,0.29737303,%,I,FALSE
Water use,Pressure on water resources,SDG 6.4.2. Water Stress,Fiji,2018,0.29737303,%,I,FALSE
Water use,Pressure on water resources,SDG 6.4.2. Water Stress,Fiji,2019,0.29737303,%,I,FALSE
Water use,Pressure on water resources,SDG 6.4.2. Water Stress,Fiji,2020,0.29737303,%,I,FALSE
Water use,Pressure on water resources,SDG 6.4.2. Water Stress,Fiji,2021,0.29737303,%,I,FALSE
Water use,Pressure on water resources,SDG 6.4.2. Water Stress,Finland,2017,5.454114299,%,E,FALSE
Water use,Pressure on water resources,SDG 6.4.2. Water Stress,Finland,2018,6.639791321,%,E,FALSE
Water use,Pressure on water resources,SDG 6.4.2. Water Stress,Finland,2019,7.114062129,%,E,FALSE
Water use,Pressure on water resources,SDG 6.4.2. Water Stress,Finland,2020,7.114062129,%,E,FALSE
Water use,Pressure on water resources,SDG 6.4.2. Water Stress,Finland,2021,7.114062129,%,E,FALSE
Water use,Pressure on water resources,SDG 6.4.2. Water Stress,France,2017,23.58924976,%,E,FALSE
Water use,Pressure on water resources,SDG 6.4.2. Water Stress,France,2018,23.56904868,%,E,FALSE
Water use,Pressure on water resources,SDG 6.4.2. Water Stress,France,2019,22.94676191,%,E,FALSE
Water use,Pressure on water resources,SDG 6.4.2. Water Stress,France,2020,21.59813707,%,E,FALSE
Water use,Pressure on water resources,SDG 6.4.2. Water Stress,France,2021,21.59813707,%,E,FALSE
Water use,Pressure on water resources,SDG 6.4.2. Water Stress,Gabon,2017,0.502166065,%,E,FALSE
Water use,Pressure on water resources,SDG 6.4.2. Water Stress,Gabon,2018,0.502166065,%,E,FALSE
Water use,Pressure on water resources,SDG 6.4.2. Water Stress,Gabon,2019,0.502166065,%,E,FALSE
Water use,Pressure on water resources,SDG 6.4.2. Water Stress,Gabon,2020,0.502166065,%,E,FALSE
Water use,Pressure on water resources,SDG 6.4.2. Water Stress,Gabon,2021,0.502166065,%,E,FALSE
Water use,Pressure on water resources,SDG 6.4.2. Water Stress,Gambia,2017,2.209656372,%,E,FALSE
Water use,Pressure on water resources,SDG 6.4.2. Water Stress,Gambia,2018,2.209656372,%,E,FALSE
Water use,Pressure on water resources,SDG 6.4.2. Water Stress,Gambia,2019,2.209656372,%,E,FALSE
Water use,Pressure on water resources,SDG 6.4.2. Water Stress,Gambia,2020,2.209656372,%,E,FALSE
Water use,Pressure on water resources,SDG 6.4.2. Water Stress,Gambia,2021,2.209656372,%,E,FALSE
Water use,Pressure on water resources,SDG 6.4.2. Water Stress,Georgia,2017,4.477296417,%,E,FALSE
Water use,Pressure on water resources,SDG 6.4.2. Water Stress,Georgia,2018,4.205602606,%,E,FALSE
Water use,Pressure on water resources,SDG 6.4.2. Water Stress,Georgia,2019,5.120977199,%,E,FALSE
Water use,Pressure on water resources,SDG 6.4.2. Water Stress,Georgia,2020,5.386710098,%,E,FALSE
Water use,Pressure on water resources,SDG 6.4.2. Water Stress,Georgia,2021,5.240977199,%,E,FALSE
Water use,Pressure on water resources,SDG 6.4.2. Water Stress,Germany,2017,38.03235197,%,E,FALSE
Water use,Pressure on water resources,SDG 6.4.2. Water Stress,Germany,2018,36.8984841,%,E,FALSE
Water use,Pressure on water resources,SDG 6.4.2. Water Stress,Germany,2019,35.35165707,%,E,FALSE
Water use,Pressure on water resources,SDG 6.4.2. Water Stress,Germany,2020,35.35165707,%,E,FALSE
Water use,Pressure on water resources,SDG 6.4.2. Water Stress,Germany,2021,35.35165707,%,E,FALSE
Water use,Pressure on water resources,SDG 6.4.2. Water Stress,Ghana,2017,6.314734089,%,E,FALSE
Water use,Pressure on water resources,SDG 6.4.2. Water Stress,Ghana,2018,6.314734089,%,E,FALSE
Water use,Pressure on water resources,SDG 6.4.2. Water Stress,Ghana,2019,6.314734089,%,E,FALSE
Water use,Pressure on water resources,SDG 6.4.2. Water Stress,Ghana,2020,6.314734089,%,E,FALSE
Water use,Pressure on water resources,SDG 6.4.2. Water Stress,Ghana,2021,6.314734089,%,E,FALSE
Water use,Pressure on water resources,SDG 6.4.2. Water Stress,Greece,2017,20.5017196,%,E,FALSE
Water use,Pressure on water resources,SDG 6.4.2. Water Stress,Greece,2018,20.47744285,%,E,FALSE
Water use,Pressure on water resources,SDG 6.4.2. Water Stress,Greece,2019,20.46328141,%,E,FALSE
Water use,Pressure on water resources,SDG 6.4.2. Water Stress,Greece,2020,20.47744285,%,E,FALSE
Water use,Pressure on water resources,SDG 6.4.2. Water Stress,Greece,2021,20.68379527,%,E,FALSE
Water use,Pressure on water resources,SDG 6.4.2. Water Stress,Grenada,2017,7.05,%,I,FALSE
Water use,Pressure on water resources,SDG 6.4.2. Water Stress,Grenada,2018,7.05,%,I,FALSE
Water use,Pressure on water resources,SDG 6.4.2. Water Stress,Grenada,2019,7.05,%,I,FALSE
Water use,Pressure on water resources,SDG 6.4.2. Water Stress,Grenada,2020,7.05,%,I,FALSE
Water use,Pressure on water resources,SDG 6.4.2. Water Stress,Grenada,2021,7.05,%,I,FALSE
Water use,Pressure on water resources,SDG 6.4.2. Water Stress,Guatemala,2017,5.742097081,%,E,FALSE
Water use,Pressure on water resources,SDG 6.4.2. Water Stress,Guatemala,2018,5.742097081,%,E,FALSE
Water use,Pressure on water resources,SDG 6.4.2. Water Stress,Guatemala,2019,5.742097081,%,E,FALSE
Water use,Pressure on water resources,SDG 6.4.2. Water Stress,Guatemala,2020,5.742097081,%,E,FALSE
Water use,Pressure on water resources,SDG 6.4.2. Water Stress,Guatemala,2021,5.742097081,%,E,FALSE
Water use,Pressure on water resources,SDG 6.4.2. Water Stress,Guinea,2017,1.331834319,%,E,FALSE
Water use,Pressure on water resources,SDG 6.4.2. Water Stress,Guinea,2018,1.369230769,%,E,FALSE
Water use,Pressure on water resources,SDG 6.4.2. Water Stress,Guinea,2019,1.369230769,%,E,FALSE
Water use,Pressure on water resources,SDG 6.4.2. Water Stress,Guinea,2020,1.369230769,%,E,FALSE
Water use,Pressure on water resources,SDG 6.4.2. Water Stress,Guinea,2021,1.369230769,%,E,FALSE
Water use,Pressure on water resources,SDG 6.4.2. Water Stress,Guinea-Bissau,2017,1.495726496,%,E,FALSE
Water use,Pressure on water resources,SDG 6.4.2. Water Stress,Guinea-Bissau,2018,1.495726496,%,E,FALSE
Water use,Pressure on water resources,SDG 6.4.2. Water Stress,Guinea-Bissau,2019,1.495726496,%,E,FALSE
Water use,Pressure on water resources,SDG 6.4.2. Water Stress,Guinea-Bissau,2020,1.495726496,%,E,FALSE
Water use,Pressure on water resources,SDG 6.4.2. Water Stress,Guinea-Bissau,2021,1.495726496,%,E,FALSE
Water use,Pressure on water resources,SDG 6.4.2. Water Stress,Guyana,2017,3.298401827,%,E,FALSE
Water use,Pressure on water resources,SDG 6.4.2. Water Stress,Guyana,2018,3.298401827,%,E,FALSE
Water use,Pressure on water resources,SDG 6.4.2. Water Stress,Guyana,2019,3.298401827,%,E,FALSE
Water use,Pressure on water resources,SDG 6.4.2. Water Stress,Guyana,2020,3.298401827,%,E,FALSE
Water use,Pressure on water resources,SDG 6.4.2. Water Stress,Guyana,2021,3.298401827,%,E,FALSE
Water use,Pressure on water resources,SDG 6.4.2. Water Stress,Haiti,2017,13.38379177,%,E,FALSE
Water use,Pressure on water resources,SDG 6.4.2. Water Stress,Haiti,2018,13.38379177,%,E,FALSE
Water use,Pressure on water resources,SDG 6.4.2. Water Stress,Haiti,2019,13.38379177,%,E,FALSE
Water use,Pressure on water resources,SDG 6.4.2. Water Stress,Haiti,2020,13.38379177,%,E,FALSE
Water use,Pressure on water resources,SDG 6.4.2. Water Stress,Haiti,2021,13.38379177,%,E,FALSE
Water use,Pressure on water resources,SDG 6.4.2. Water Stress,Honduras,2017,4.621268764,%,E,FALSE
Water use,Pressure on water resources,SDG 6.4.2. Water Stress,Honduras,2018,4.621268764,%,E,FALSE
Water use,Pressure on water resources,SDG 6.4.2. Water Stress,Honduras,2019,4.621268764,%,E,FALSE
Water use,Pressure on water resources,SDG 6.4.2. Water Stress,Honduras,2020,4.621268764,%,E,FALSE
Water use,Pressure on water resources,SDG 6.4.2. Water Stress,Honduras,2021,4.621268764,%,E,FALSE
Water use,Pressure on water resources,SDG 6.4.2. Water Stress,Hungary,2017,8.180518135,%,E,FALSE
Water use,Pressure on water resources,SDG 6.4.2. Water Stress,Hungary,2018,8.494752155,%,E,FALSE
Water use,Pressure on water resources,SDG 6.4.2. Water Stress,Hungary,2019,7.708246977,%,E,FALSE
Water use,Pressure on water resources,SDG 6.4.2. Water Stress,Hungary,2020,8.070120898,%,E,FALSE
Water use,Pressure on water resources,SDG 6.4.2. Water Stress,Hungary,2021,8.070120898,%,E,FALSE
Water use,Pressure on water resources,SDG 6.4.2. Water Stress,Iceland,2017,0.394075282,%,E,FALSE
Water use,Pressure on water resources,SDG 6.4.2. Water Stress,Iceland,2018,0.394075282,%,E,FALSE
Water use,Pressure on water resources,SDG 6.4.2. Water Stress,Iceland,2019,0.394075282,%,E,FALSE
Water use,Pressure on water resources,SDG 6.4.2. Water Stress,Iceland,2020,0.394075282,%,E,FALSE
Water use,Pressure on water resources,SDG 6.4.2. Water Stress,Iceland,2021,0.394075282,%,E,FALSE
Water use,Pressure on water resources,SDG 6.4.2. Water Stress,India,2017,66.49209283,%,E,FALSE
Water use,Pressure on water resources,SDG 6.4.2. Water Stress,India,2018,66.49209283,%,E,FALSE
Water use,Pressure on water resources,SDG 6.4.2. Water Stress,India,2019,66.49209283,%,E,FALSE
Water use,Pressure on water resources,SDG 6.4.2. Water Stress,India,2020,66.49209283,%,E,FALSE
Water use,Pressure on water resources,SDG 6.4.2. Water Stress,India,2021,66.49209283,%,E,FALSE
Water use,Pressure on water resources,SDG 6.4.2. Water Stress,Indonesia,2017,29.69654529,%,E,FALSE
Water use,Pressure on water resources,SDG 6.4.2. Water Stress,Indonesia,2018,29.69654529,%,E,FALSE
Water use,Pressure on water resources,SDG 6.4.2. Water Stress,Indonesia,2019,29.69654529,%,E,FALSE
Water use,Pressure on water resources,SDG 6.4.2. Water Stress,Indonesia,2020,29.69654529,%,E,FALSE
Water use,Pressure on water resources,SDG 6.4.2. Water Stress,Indonesia,2021,29.69654529,%,E,FALSE
Water use,Pressure on water resources,SDG 6.4.2. Water Stress,Iran,2017,81.28908129,%,E,FALSE
Water use,Pressure on water resources,SDG 6.4.2. Water Stress,Iran,2018,81.28908129,%,E,FALSE
Water use,Pressure on water resources,SDG 6.4.2. Water Stress,Iran,2019,81.28908129,%,E,FALSE
Water use,Pressure on water resources,SDG 6.4.2. Water Stress,Iran,2020,81.28908129,%,E,FALSE
Water use,Pressure on water resources,SDG 6.4.2. Water Stress,Iran,2021,81.28908129,%,E,FALSE
Water use,Pressure on water resources,SDG 6.4.2. Water Stress,Iraq,2017,60.48174157,%,E,FALSE
Water use,Pressure on water resources,SDG 6.4.2. Water Stress,Iraq,2018,47.14044944,%,E,FALSE
Water use,Pressure on water resources,SDG 6.4.2. Water Stress,Iraq,2019,79.51966292,%,E,FALSE
Water use,Pressure on water resources,SDG 6.4.2. Water Stress,Iraq,2020,63.25842697,%,E,FALSE
Water use,Pressure on water resources,SDG 6.4.2. Water Stress,Iraq,2021,59.58384832,%,E,FALSE
Water use,Pressure on water resources,SDG 6.4.2. Water Stress,Ireland,2017,6.508929526,%,E,FALSE
Water use,Pressure on water resources,SDG 6.4.2. Water Stress,Ireland,2018,20.04213483,%,E,FALSE
Water use,Pressure on water resources,SDG 6.4.2. Water Stress,Ireland,2019,21.6011236,%,E,FALSE
Water use,Pressure on water resources,SDG 6.4.2. Water Stress,Ireland,2020,21.68539326,%,E,FALSE
Water use,Pressure on water resources,SDG 6.4.2. Water Stress,Ireland,2021,22.20505618,%,E,FALSE
Water use,Pressure on water resources,SDG 6.4.2. Water Stress,Israel,2017,103.6148736,%,E,FALSE
Water use,Pressure on water resources,SDG 6.4.2. Water Stress,Israel,2018,95.93650246,%,E,FALSE
Water use,Pressure on water resources,SDG 6.4.2. Water Stress,Israel,2019,100.4227418,%,E,FALSE
Water use,Pressure on water resources,SDG 6.4.2. Water Stress,Israel,2020,110.0854111,%,E,FALSE
Water use,Pressure on water resources,SDG 6.4.2. Water Stress,Israel,2021,131.9989647,%,E,FALSE
Water use,Pressure on water resources,SDG 6.4.2. Water Stress,Italy,2017,29.76183413,%,E,FALSE
Water use,Pressure on water resources,SDG 6.4.2. Water Stress,Italy,2018,29.68102917,%,E,FALSE
Water use,Pressure on water resources,SDG 6.4.2. Water Stress,Italy,2019,29.82201075,%,E,FALSE
Water use,Pressure on water resources,SDG 6.4.2. Water Stress,Italy,2020,29.64578377,%,E,FALSE
Water use,Pressure on water resources,SDG 6.4.2. Water Stress,Italy,2021,29.64578377,%,E,FALSE
Water use,Pressure on water resources,SDG 6.4.2. Water Stress,Jamaica,2017,12.34396002,%,E,FALSE
Water use,Pressure on water resources,SDG 6.4.2. Water Stress,Jamaica,2018,12.21448383,%,E,FALSE
Water use,Pressure on water resources,SDG 6.4.2. Water Stress,Jamaica,2019,12.08500765,%,E,FALSE
Water use,Pressure on water resources,SDG 6.4.2. Water Stress,Jamaica,2020,11.04643079,%,E,FALSE
Water use,Pressure on water resources,SDG 6.4.2. Water Stress,Jamaica,2021,12.38281888,%,E,FALSE
Water use,Pressure on water resources,SDG 6.4.2. Water Stress,Japan,2017,36.45977012,%,E,FALSE
Water use,Pressure on water resources,SDG 6.4.2. Water Stress,Japan,2018,36.36781609,%,E,FALSE
Water use,Pressure on water resources,SDG 6.4.2. Water Stress,Japan,2019,36.04597701,%,E,FALSE
Water use,Pressure on water resources,SDG 6.4.2. Water Stress,Japan,2020,36.04597701,%,E,FALSE
Water use,Pressure on water resources,SDG 6.4.2. Water Stress,Japan,2021,36.04597701,%,E,FALSE
Water use,Pressure on water resources,SDG 6.4.2. Water Stress,Jordan,2017,100.4430169,%,E,FALSE
Water use,Pressure on water resources,SDG 6.4.2. Water Stress,Jordan,2018,102.2261602,%,E,FALSE
Water use,Pressure on water resources,SDG 6.4.2. Water Stress,Jordan,2019,104.31277,%,E,FALSE
Water use,Pressure on water resources,SDG 6.4.2. Water Stress,Jordan,2020,106.0493964,%,E,FALSE
Water use,Pressure on water resources,SDG 6.4.2. Water Stress,Jordan,2021,102.5163363,%,E,FALSE
Water use,Pressure on water resources,SDG 6.4.2. Water Stress,Kazakhstan,2017,31.13730929,%,E,FALSE
Water use,Pressure on water resources,SDG 6.4.2. Water Stress,Kazakhstan,2018,32.6518724,%,E,FALSE
Water use,Pressure on water resources,SDG 6.4.2. Water Stress,Kazakhstan,2019,32.61581137,%,E,FALSE
Water use,Pressure on water resources,SDG 6.4.2. Water Stress,Kazakhstan,2020,34.09847434,%,E,FALSE
Water use,Pressure on water resources,SDG 6.4.2. Water Stress,Kazakhstan,2021,34.09847434,%,E,FALSE
Water use,Pressure on water resources,SDG 6.4.2. Water Stress,Kenya,2017,33.23990107,%,E,FALSE
Water use,Pressure on water resources,SDG 6.4.2. Water Stress,Kenya,2018,33.23990107,%,E,FALSE
Water use,Pressure on water resources,SDG 6.4.2. Water Stress,Kenya,2019,33.23990107,%,E,FALSE
Water use,Pressure on water resources,SDG 6.4.2. Water Stress,Kenya,2020,33.23990107,%,E,FALSE
Water use,Pressure on water resources,SDG 6.4.2. Water Stress,Kenya,2021,33.23990107,%,E,FALSE
Water use,Pressure on water resources,SDG 6.4.2. Water Stress,Kuwait,2017,3850.5,%,E,FALSE
Water use,Pressure on water resources,SDG 6.4.2. Water Stress,Kuwait,2018,3850.5,%,E,FALSE
Water use,Pressure on water resources,SDG 6.4.2. Water Stress,Kuwait,2019,3850.5,%,E,FALSE
Water use,Pressure on water resources,SDG 6.4.2. Water Stress,Kuwait,2020,3850.5,%,E,FALSE
Water use,Pressure on water resources,SDG 6.4.2. Water Stress,Kuwait,2021,3850.5,%,E,FALSE
Water use,Pressure on water resources,SDG 6.4.2. Water Stress,Kyrgyzstan,2017,50.03895598,%,E,FALSE
Water use,Pressure on water resources,SDG 6.4.2. Water Stress,Kyrgyzstan,2018,50.03895598,%,E,FALSE
Water use,Pressure on water resources,SDG 6.4.2. Water Stress,Kyrgyzstan,2019,50.03895598,%,E,FALSE
Water use,Pressure on water resources,SDG 6.4.2. Water Stress,Kyrgyzstan,2020,50.03895598,%,E,FALSE
Water use,Pressure on water resources,SDG 6.4.2. Water Stress,Kyrgyzstan,2021,50.03895598,%,E,FALSE
Water use,Pressure on water resources,SDG 6.4.2. Water Stress,Lao People's Democratic Republic,2017,4.771838331,%,E,FALSE
Water use,Pressure on water resources,SDG 6.4.2. Water Stress,Lao People's Democratic Republic,2018,4.771838331,%,E,FALSE
Water use,Pressure on water resources,SDG 6.4.2. Water Stress,Lao People's Democratic Republic,2019,4.791395046,%,E,FALSE
Water use,Pressure on water resources,SDG 6.4.2. Water Stress,Lao People's Democratic Republic,2020,4.791395046,%,E,FALSE
Water use,Pressure on water resources,SDG 6.4.2. Water Stress,Lao People's Democratic Republic,2021,4.791395046,%,E,FALSE
Water use,Pressure on water resources,SDG 6.4.2. Water Stress,Latvia,2017,1.067280854,%,E,FALSE
Water use,Pressure on water resources,SDG 6.4.2. Water Stress,Latvia,2018,1.080430171,%,E,FALSE
Water use,Pressure on water resources,SDG 6.4.2. Water Stress,Latvia,2019,1.052616382,%,E,FALSE
Water use,Pressure on water resources,SDG 6.4.2. Water Stress,Latvia,2020,1.067831467,%,E,FALSE
Water use,Pressure on water resources,SDG 6.4.2. Water Stress,Latvia,2021,1.067831467,%,E,FALSE
Water use,Pressure on water resources,SDG 6.4.2. Water Stress,Lebanon,2017,58.79299156,%,E,FALSE
Water use,Pressure on water resources,SDG 6.4.2. Water Stress,Lebanon,2018,58.79299156,%,E,FALSE
Water use,Pressure on water resources,SDG 6.4.2. Water Stress,Lebanon,2019,58.79299156,%,E,FALSE
Water use,Pressure on water resources,SDG 6.4.2. Water Stress,Lebanon,2020,58.79299156,%,E,FALSE
Water use,Pressure on water resources,SDG 6.4.2. Water Stress,Lebanon,2021,58.79299156,%,E,FALSE
Water use,Pressure on water resources,SDG 6.4.2. Water Stress,Lesotho,2017,2.565905097,%,E,FALSE
Water use,Pressure on water resources,SDG 6.4.2. Water Stress,Lesotho,2018,2.565905097,%,E,FALSE
Water use,Pressure on water resources,SDG 6.4.2. Water Stress,Lesotho,2019,2.565905097,%,E,FALSE
Water use,Pressure on water resources,SDG 6.4.2. Water Stress,Lesotho,2020,2.565905097,%,E,FALSE
Water use,Pressure on water resources,SDG 6.4.2. Water Stress,Lesotho,2021,2.565905097,%,E,FALSE
Water use,Pressure on water resources,SDG 6.4.2. Water Stress,Liberia,2017,0.264311594,%,E,FALSE
Water use,Pressure on water resources,SDG 6.4.2. Water Stress,Liberia,2018,0.264311594,%,E,FALSE
Water use,Pressure on water resources,SDG 6.4.2. Water Stress,Liberia,2019,0.264311594,%,E,FALSE
Water use,Pressure on water resources,SDG 6.4.2. Water Stress,Liberia,2020,0.264311594,%,E,FALSE
Water use,Pressure on water resources,SDG 6.4.2. Water Stress,Liberia,2021,0.264311594,%,E,FALSE
Water use,Pressure on water resources,SDG 6.4.2. Water Stress,Libya,2017,817.1428571,%,I,FALSE
Water use,Pressure on water resources,SDG 6.4.2. Water Stress,Libya,2018,817.1428571,%,I,FALSE
Water use,Pressure on water resources,SDG 6.4.2. Water Stress,Libya,2019,817.1428571,%,I,FALSE
Water use,Pressure on water resources,SDG 6.4.2. Water Stress,Libya,2020,817.1428571,%,I,FALSE
Water use,Pressure on water resources,SDG 6.4.2. Water Stress,Libya,2021,817.1428571,%,I,FALSE
Water use,Pressure on water resources,SDG 6.4.2. Water Stress,Lithuania,2017,1.867339582,%,E,FALSE
Water use,Pressure on water resources,SDG 6.4.2. Water Stress,Lithuania,2018,1.834102379,%,E,FALSE
Water use,Pressure on water resources,SDG 6.4.2. Water Stress,Lithuania,2019,1.834102379,%,E,FALSE
Water use,Pressure on water resources,SDG 6.4.2. Water Stress,Lithuania,2020,1.834102379,%,E,FALSE
Water use,Pressure on water resources,SDG 6.4.2. Water Stress,Lithuania,2021,1.834102379,%,E,FALSE
Water use,Pressure on water resources,SDG 6.4.2. Water Stress,Luxembourg,2017,3.781094527,%,E,FALSE
Water use,Pressure on water resources,SDG 6.4.2. Water Stress,Luxembourg,2018,4.328358209,%,E,FALSE
Water use,Pressure on water resources,SDG 6.4.2. Water Stress,Luxembourg,2019,4.087893864,%,E,FALSE
Water use,Pressure on water resources,SDG 6.4.2. Water Stress,Luxembourg,2020,3.963515755,%,E,FALSE
Water use,Pressure on water resources,SDG 6.4.2. Water Stress,Luxembourg,2021,3.963515755,%,E,FALSE
Water use,Pressure on water resources,SDG 6.4.2. Water Stress,Madagascar,2017,11.26150628,%,E,FALSE
Water use,Pressure on water resources,SDG 6.4.2. Water Stress,Madagascar,2018,11.26150628,%,E,FALSE
Water use,Pressure on water resources,SDG 6.4.2. Water Stress,Madagascar,2019,11.26150628,%,E,FALSE
Water use,Pressure on water resources,SDG 6.4.2. Water Stress,Madagascar,2020,11.26150628,%,E,FALSE
Water use,Pressure on water resources,SDG 6.4.2. Water Stress,Madagascar,2021,11.26150628,%,E,FALSE
Water use,Pressure on water resources,SDG 6.4.2. Water Stress,Malawi,2017,17.50483809,%,E,FALSE
Water use,Pressure on water resources,SDG 6.4.2. Water Stress,Malawi,2018,17.50483809,%,E,FALSE
Water use,Pressure on water resources,SDG 6.4.2. Water Stress,Malawi,2019,17.50483809,%,E,FALSE
Water use,Pressure on water resources,SDG 6.4.2. Water Stress,Malawi,2020,17.50483809,%,E,FALSE
Water use,Pressure on water resources,SDG 6.4.2. Water Stress,Malawi,2021,17.50483809,%,E,FALSE
Water use,Pressure on water resources,SDG 6.4.2. Water Stress,Malaysia,2017,3.439487179,%,E,FALSE
Water use,Pressure on water resources,SDG 6.4.2. Water Stress,Malaysia,2018,3.439487179,%,E,FALSE
Water use,Pressure on water resources,SDG 6.4.2. Water Stress,Malaysia,2019,3.439487179,%,E,FALSE
Water use,Pressure on water resources,SDG 6.4.2. Water Stress,Malaysia,2020,3.439487179,%,E,FALSE
Water use,Pressure on water resources,SDG 6.4.2. Water Stress,Malaysia,2021,3.439487179,%,E,FALSE
Water use,Pressure on water resources,SDG 6.4.2. Water Stress,Maldives,2017,15.66666667,%,I,FALSE
Water use,Pressure on water resources,SDG 6.4.2. Water Stress,Maldives,2018,15.66666667,%,I,FALSE
Water use,Pressure on water resources,SDG 6.4.2. Water Stress,Maldives,2019,15.66666667,%,I,FALSE
Water use,Pressure on water resources,SDG 6.4.2. Water Stress,Maldives,2020,15.66666667,%,I,FALSE
Water use,Pressure on water resources,SDG 6.4.2. Water Stress,Maldives,2021,15.66666667,%,I,FALSE
Water use,Pressure on water resources,SDG 6.4.2. Water Stress,Mali,2017,8.00308642,%,E,FALSE
Water use,Pressure on water resources,SDG 6.4.2. Water Stress,Mali,2018,8.00308642,%,E,FALSE
Water use,Pressure on water resources,SDG 6.4.2. Water Stress,Mali,2019,8.00308642,%,E,FALSE
Water use,Pressure on water resources,SDG 6.4.2. Water Stress,Mali,2020,8.00308642,%,E,FALSE
Water use,Pressure on water resources,SDG 6.4.2. Water Stress,Mali,2021,8.00308642,%,E,FALSE
Water use,Pressure on water resources,SDG 6.4.2. Water Stress,Malta,2017,91.08910891,%,E,FALSE
Water use,Pressure on water resources,SDG 6.4.2. Water Stress,Malta,2018,84.62300297,%,E,FALSE
Water use,Pressure on water resources,SDG 6.4.2. Water Stress,Malta,2019,80.66096515,%,E,FALSE
Water use,Pressure on water resources,SDG 6.4.2. Water Stress,Malta,2020,81.5972998,%,E,FALSE
Water use,Pressure on water resources,SDG 6.4.2. Water Stress,Malta,2021,78.28007149,%,E,FALSE
Water use,Pressure on water resources,SDG 6.4.2. Water Stress,Mauritania,2017,13.24621733,%,E,FALSE
Water use,Pressure on water resources,SDG 6.4.2. Water Stress,Mauritania,2018,13.24621733,%,E,FALSE
Water use,Pressure on water resources,SDG 6.4.2. Water Stress,Mauritania,2019,13.24621733,%,E,FALSE
Water use,Pressure on water resources,SDG 6.4.2. Water Stress,Mauritania,2020,13.24621733,%,E,FALSE
Water use,Pressure on water resources,SDG 6.4.2. Water Stress,Mauritania,2021,13.24621733,%,E,FALSE
Water use,Pressure on water resources,SDG 6.4.2. Water Stress,Mauritius,2017,22.173755,%,E,FALSE
Water use,Pressure on water resources,SDG 6.4.2. Water Stress,Mauritius,2018,21.48309706,%,E,FALSE
Water use,Pressure on water resources,SDG 6.4.2. Water Stress,Mauritius,2019,21.62849873,%,E,FALSE
Water use,Pressure on water resources,SDG 6.4.2. Water Stress,Mauritius,2020,22.06470374,%,E,FALSE
Water use,Pressure on water resources,SDG 6.4.2. Water Stress,Mauritius,2021,21.95565249,%,E,FALSE
Water use,Pressure on water resources,SDG 6.4.2. Water Stress,Mexico,2017,32.94972017,%,E,FALSE
Water use,Pressure on water resources,SDG 6.4.2. Water Stress,Mexico,2018,44.46268418,%,E,FALSE
Water use,Pressure on water resources,SDG 6.4.2. Water Stress,Mexico,2019,44.71842969,%,E,FALSE
Water use,Pressure on water resources,SDG 6.4.2. Water Stress,Mexico,2020,44.81702434,%,E,FALSE
Water use,Pressure on water resources,SDG 6.4.2. Water Stress,Mexico,2021,45.01521461,%,E,FALSE
Water use,Pressure on water resources,SDG 6.4.2. Water Stress,Mongolia,2017,3.395007342,%,E,FALSE
Water use,Pressure on water resources,SDG 6.4.2. Water Stress,Mongolia,2018,3.395007342,%,E,FALSE
Water use,Pressure on water resources,SDG 6.4.2. Water Stress,Mongolia,2019,3.395007342,%,E,FALSE
Water use,Pressure on water resources,SDG 6.4.2. Water Stress,Mongolia,2020,3.395007342,%,E,FALSE
Water use,Pressure on water resources,SDG 6.4.2. Water Stress,Mongolia,2021,3.395007342,%,E,FALSE
Water use,Pressure on water resources,SDG 6.4.2. Water Stress,Morocco,2017,50.75121202,%,E,FALSE
Water use,Pressure on water resources,SDG 6.4.2. Water Stress,Morocco,2018,50.75121202,%,E,FALSE
Water use,Pressure on water resources,SDG 6.4.2. Water Stress,Morocco,2019,50.75121202,%,E,FALSE
Water use,Pressure on water resources,SDG 6.4.2. Water Stress,Morocco,2020,50.75121202,%,E,FALSE
Water use,Pressure on water resources,SDG 6.4.2. Water Stress,Morocco,2021,50.75121202,%,E,FALSE
Water use,Pressure on water resources,SDG 6.4.2. Water Stress,Mozambique,2017,1.751486326,%,E,FALSE
Water use,Pressure on water resources,SDG 6.4.2. Water Stress,Mozambique,2018,1.751486326,%,E,FALSE
Water use,Pressure on water resources,SDG 6.4.2. Water Stress,Mozambique,2019,1.751486326,%,E,FALSE
Water use,Pressure on water resources,SDG 6.4.2. Water Stress,Mozambique,2020,1.751486326,%,E,FALSE
Water use,Pressure on water resources,SDG 6.4.2. Water Stress,Mozambique,2021,1.751486326,%,E,FALSE
Water use,Pressure on water resources,SDG 6.4.2. Water Stress,Myanmar,2017,5.801501397,%,E,FALSE
Water use,Pressure on water resources,SDG 6.4.2. Water Stress,Myanmar,2018,5.801501397,%,E,FALSE
Water use,Pressure on water resources,SDG 6.4.2. Water Stress,Myanmar,2019,5.801501397,%,E,FALSE
Water use,Pressure on water resources,SDG 6.4.2. Water Stress,Myanmar,2020,5.801501397,%,E,FALSE
Water use,Pressure on water resources,SDG 6.4.2. Water Stress,Myanmar,2021,5.801501397,%,E,FALSE
Water use,Pressure on water resources,SDG 6.4.2. Water Stress,Namibia,2017,0.861552567,%,E,FALSE
Water use,Pressure on water resources,SDG 6.4.2. Water Stress,Namibia,2018,0.861552567,%,E,FALSE
Water use,Pressure on water resources,SDG 6.4.2. Water Stress,Namibia,2019,0.861552567,%,E,FALSE
Water use,Pressure on water resources,SDG 6.4.2. Water Stress,Namibia,2020,0.861552567,%,E,FALSE
Water use,Pressure on water resources,SDG 6.4.2. Water Stress,Namibia,2021,0.861552567,%,E,FALSE
Water use,Pressure on water resources,SDG 6.4.2. Water Stress,Nepal,2017,8.311832662,%,E,FALSE
Water use,Pressure on water resources,SDG 6.4.2. Water Stress,Nepal,2018,8.311832662,%,E,FALSE
Water use,Pressure on water resources,SDG 6.4.2. Water Stress,Nepal,2019,8.311832662,%,E,FALSE
Water use,Pressure on water resources,SDG 6.4.2. Water Stress,Nepal,2020,8.311832662,%,E,FALSE
Water use,Pressure on water resources,SDG 6.4.2. Water Stress,Nepal,2021,8.311832662,%,E,FALSE
Water use,Pressure on water resources,SDG 6.4.2. Water Stress,Netherlands (Kingdom of the),2017,15.02980824,%,E,FALSE
Water use,Pressure on water resources,SDG 6.4.2. Water Stress,Netherlands (Kingdom of the),2018,16.36698361,%,E,FALSE
Water use,Pressure on water resources,SDG 6.4.2. Water Stress,Netherlands (Kingdom of the),2019,17.00060692,%,E,FALSE
Water use,Pressure on water resources,SDG 6.4.2. Water Stress,Netherlands (Kingdom of the),2020,16.80356059,%,E,FALSE
Water use,Pressure on water resources,SDG 6.4.2. Water Stress,Netherlands (Kingdom of the),2021,16.07566255,%,E,FALSE
Water use,Pressure on water resources,SDG 6.4.2. Water Stress,New Zealand,2017,8.04808476,%,E,FALSE
Water use,Pressure on water resources,SDG 6.4.2. Water Stress,New Zealand,2018,8.04808476,%,E,FALSE
Water use,Pressure on water resources,SDG 6.4.2. Water Stress,New Zealand,2019,8.04808476,%,E,FALSE
Water use,Pressure on water resources,SDG 6.4.2. Water Stress,New Zealand,2020,8.04808476,%,E,FALSE
Water use,Pressure on water resources,SDG 6.4.2. Water Stress,New Zealand,2021,8.04808476,%,E,FALSE
Water use,Pressure on water resources,SDG 6.4.2. Water Stress,Nicaragua,2017,2.318646514,%,E,FALSE
Water use,Pressure on water resources,SDG 6.4.2. Water Stress,Nicaragua,2018,2.269773362,%,E,FALSE
Water use,Pressure on water resources,SDG 6.4.2. Water Stress,Nicaragua,2019,2.219818562,%,E,FALSE
Water use,Pressure on water resources,SDG 6.4.2. Water Stress,Nicaragua,2020,2.220900209,%,E,FALSE
Water use,Pressure on water resources,SDG 6.4.2. Water Stress,Nicaragua,2021,2.220900209,%,E,FALSE
Water use,Pressure on water resources,SDG 6.4.2. Water Stress,Niger,2017,6.746113481,%,E,FALSE
Water use,Pressure on water resources,SDG 6.4.2. Water Stress,Niger,2018,10.37334044,%,E,FALSE
Water use,Pressure on water resources,SDG 6.4.2. Water Stress,Niger,2019,11.02093771,%,E,FALSE
Water use,Pressure on water resources,SDG 6.4.2. Water Stress,Niger,2020,11.02093771,%,E,FALSE
Water use,Pressure on water resources,SDG 6.4.2. Water Stress,Niger,2021,11.02093771,%,E,FALSE
Water use,Pressure on water resources,SDG 6.4.2. Water Stress,Nigeria,2017,9.668217054,%,E,FALSE
Water use,Pressure on water resources,SDG 6.4.2. Water Stress,Nigeria,2018,9.668217054,%,E,FALSE
Water use,Pressure on water resources,SDG 6.4.2. Water Stress,Nigeria,2019,9.668217054,%,E,FALSE
Water use,Pressure on water resources,SDG 6.4.2. Water Stress,Nigeria,2020,9.668217054,%,E,FALSE
Water use,Pressure on water resources,SDG 6.4.2. Water Stress,Nigeria,2021,9.668217054,%,E,FALSE
Water use,Pressure on water resources,SDG 6.4.2. Water Stress,North Macedonia,2017,38.69232817,%,E,FALSE
Water use,Pressure on water resources,SDG 6.4.2. Water Stress,North Macedonia,2018,52.12270087,%,E,FALSE
Water use,Pressure on water resources,SDG 6.4.2. Water Stress,North Macedonia,2019,38.70232333,%,E,FALSE
Water use,Pressure on water resources,SDG 6.4.2. Water Stress,North Macedonia,2020,38.3357938,%,E,FALSE
Water use,Pressure on water resources,SDG 6.4.2. Water Stress,North Macedonia,2021,37.96926428,%,E,FALSE
Water use,Pressure on water resources,SDG 6.4.2. Water Stress,Norway,2017,2.046106464,%,E,FALSE
Water use,Pressure on water resources,SDG 6.4.2. Water Stress,Norway,2018,2.044449925,%,E,FALSE
Water use,Pressure on water resources,SDG 6.4.2. Water Stress,Norway,2019,2.042937874,%,E,FALSE
Water use,Pressure on water resources,SDG 6.4.2. Water Stress,Norway,2020,2.041311754,%,E,FALSE
Water use,Pressure on water resources,SDG 6.4.2. Water Stress,Norway,2021,2.009498099,%,E,FALSE
Water use,Pressure on water resources,SDG 6.4.2. Water Stress,Oman,2017,116.7142857,%,E,FALSE
Water use,Pressure on water resources,SDG 6.4.2. Water Stress,Oman,2018,116.7142857,%,E,FALSE
Water use,Pressure on water resources,SDG 6.4.2. Water Stress,Oman,2019,116.7142857,%,I,FALSE
Water use,Pressure on water resources,SDG 6.4.2. Water Stress,Oman,2020,116.7142857,%,I,FALSE
Water use,Pressure on water resources,SDG 6.4.2. Water Stress,Oman,2021,116.7142857,%,I,FALSE
Water use,Pressure on water resources,SDG 6.4.2. Water Stress,Pakistan,2017,122.6734556,%,E,FALSE
Water use,Pressure on water resources,SDG 6.4.2. Water Stress,Pakistan,2018,118.2381449,%,E,FALSE
Water use,Pressure on water resources,SDG 6.4.2. Water Stress,Pakistan,2019,108.6497761,%,E,FALSE
Water use,Pressure on water resources,SDG 6.4.2. Water Stress,Pakistan,2020,116.3057481,%,E,FALSE
Water use,Pressure on water resources,SDG 6.4.2. Water Stress,Pakistan,2021,162.0698117,%,E,FALSE
Water use,Pressure on water resources,SDG 6.4.2. Water Stress,Palestine,2017,41.07830552,%,E,FALSE
Water use,Pressure on water resources,SDG 6.4.2. Water Stress,Palestine,2018,42.74711168,%,E,FALSE
Water use,Pressure on water resources,SDG 6.4.2. Water Stress,Palestine,2019,47.01183854,%,E,FALSE
Water use,Pressure on water resources,SDG 6.4.2. Water Stress,Palestine,2020,50.26387106,%,E,FALSE
Water use,Pressure on water resources,SDG 6.4.2. Water Stress,Palestine,2021,47.75353017,%,E,FALSE
Water use,Pressure on water resources,SDG 6.4.2. Water Stress,Panama,2017,0.90107111,%,E,FALSE
Water use,Pressure on water resources,SDG 6.4.2. Water Stress,Panama,2018,0.90107111,%,E,FALSE
Water use,Pressure on water resources,SDG 6.4.2. Water Stress,Panama,2019,0.90107111,%,E,FALSE
Water use,Pressure on water resources,SDG 6.4.2. Water Stress,Panama,2020,0.90107111,%,E,FALSE
Water use,Pressure on water resources,SDG 6.4.2. Water Stress,Panama,2021,0.90107111,%,E,FALSE
Water use,Pressure on water resources,SDG 6.4.2. Water Stress,Papua New Guinea,2017,0.132242833,%,E,FALSE
Water use,Pressure on water resources,SDG 6.4.2. Water Stress,Papua New Guinea,2018,0.132242833,%,E,FALSE
Water use,Pressure on water resources,SDG 6.4.2. Water Stress,Papua New Guinea,2019,0.132242833,%,E,FALSE
Water use,Pressure on water resources,SDG 6.4.2. Water Stress,Papua New Guinea,2020,0.132242833,%,E,FALSE
Water use,Pressure on water resources,SDG 6.4.2. Water Stress,Papua New Guinea,2021,0.132242833,%,E,FALSE
Water use,Pressure on water resources,SDG 6.4.2. Water Stress,Paraguay,2017,1.835399711,%,E,FALSE
Water use,Pressure on water resources,SDG 6.4.2. Water Stress,Paraguay,2018,1.835399711,%,E,FALSE
Water use,Pressure on water resources,SDG 6.4.2. Water Stress,Paraguay,2019,1.835399711,%,E,FALSE
Water use,Pressure on water resources,SDG 6.4.2. Water Stress,Paraguay,2020,1.835399711,%,E,FALSE
Water use,Pressure on water resources,SDG 6.4.2. Water Stress,Paraguay,2021,1.835399711,%,E,FALSE
Water use,Pressure on water resources,SDG 6.4.2. Water Stress,Peru,2017,6.512422805,%,E,FALSE
Water use,Pressure on water resources,SDG 6.4.2. Water Stress,Peru,2018,6.955246237,%,E,FALSE
Water use,Pressure on water resources,SDG 6.4.2. Water Stress,Peru,2019,7.181445604,%,E,FALSE
Water use,Pressure on water resources,SDG 6.4.2. Water Stress,Peru,2020,7.181445604,%,E,FALSE
Water use,Pressure on water resources,SDG 6.4.2. Water Stress,Peru,2021,7.181445604,%,E,FALSE
Water use,Pressure on water resources,SDG 6.4.2. Water Stress,Philippines,2017,28.06214613,%,E,FALSE
Water use,Pressure on water resources,SDG 6.4.2. Water Stress,Philippines,2018,28.17420079,%,E,FALSE
Water use,Pressure on water resources,SDG 6.4.2. Water Stress,Philippines,2019,26.28997676,%,E,FALSE
Water use,Pressure on water resources,SDG 6.4.2. Water Stress,Philippines,2020,26.74328009,%,E,FALSE
Water use,Pressure on water resources,SDG 6.4.2. Water Stress,Philippines,2021,27.20891578,%,E,FALSE
Water use,Pressure on water resources,SDG 6.4.2. Water Stress,Poland,2017,34.89096573,%,E,FALSE
Water use,Pressure on water resources,SDG 6.4.2. Water Stress,Poland,2018,33.22256836,%,E,FALSE
Water use,Pressure on water resources,SDG 6.4.2. Water Stress,Poland,2019,31.0971928,%,E,FALSE
Water use,Pressure on water resources,SDG 6.4.2. Water Stress,Poland,2020,30,%,E,FALSE
Water use,Pressure on water resources,SDG 6.4.2. Water Stress,Poland,2021,32.0768432,%,E,FALSE
Water use,Pressure on water resources,SDG 6.4.2. Water Stress,Portugal,2017,12.37988748,%,E,FALSE
Water use,Pressure on water resources,SDG 6.4.2. Water Stress,Portugal,2018,12.31571228,%,E,FALSE
Water use,Pressure on water resources,SDG 6.4.2. Water Stress,Portugal,2019,12.31571228,%,E,FALSE
Water use,Pressure on water resources,SDG 6.4.2. Water Stress,Portugal,2020,12.31571228,%,E,FALSE
Water use,Pressure on water resources,SDG 6.4.2. Water Stress,Portugal,2021,12.31571228,%,E,FALSE
Water use,Pressure on water resources,SDG 6.4.2. Water Stress,Puerto Rico,2017,19.53561063,%,E,FALSE
Water use,Pressure on water resources,SDG 6.4.2. Water Stress,Puerto Rico,2018,19.53561063,%,E,FALSE
Water use,Pressure on water resources,SDG 6.4.2. Water Stress,Puerto Rico,2019,19.53561063,%,E,FALSE
Water use,Pressure on water resources,SDG 6.4.2. Water Stress,Puerto Rico,2020,19.53561063,%,E,FALSE
Water use,Pressure on water resources,SDG 6.4.2. Water Stress,Puerto Rico,2021,19.53561063,%,E,FALSE
Water use,Pressure on water resources,SDG 6.4.2. Water Stress,Qatar,2017,431.0344828,%,E,FALSE
Water use,Pressure on water resources,SDG 6.4.2. Water Stress,Qatar,2018,431.0344828,%,E,FALSE
Water use,Pressure on water resources,SDG 6.4.2. Water Stress,Qatar,2019,431.0344828,%,I,FALSE
Water use,Pressure on water resources,SDG 6.4.2. Water Stress,Qatar,2020,431.0344828,%,I,FALSE
Water use,Pressure on water resources,SDG 6.4.2. Water Stress,Qatar,2021,431.0344828,%,I,FALSE
Water use,Pressure on water resources,SDG 6.4.2. Water Stress,Republic of Korea,2017,85.22183304,%,E,FALSE
Water use,Pressure on water resources,SDG 6.4.2. Water Stress,Republic of Korea,2018,85.22183304,%,E,FALSE
Water use,Pressure on water resources,SDG 6.4.2. Water Stress,Republic of Korea,2019,85.22183304,%,E,FALSE
Water use,Pressure on water resources,SDG 6.4.2. Water Stress,Republic of Korea,2020,85.22183304,%,E,FALSE
Water use,Pressure on water resources,SDG 6.4.2. Water Stress,Republic of Korea,2021,85.22183304,%,E,FALSE
Water use,Pressure on water resources,SDG 6.4.2. Water Stress,Republic of Moldova,2017,12.47401247,%,E,FALSE
Water use,Pressure on water resources,SDG 6.4.2. Water Stress,Republic of Moldova,2018,12.42946243,%,E,FALSE
Water use,Pressure on water resources,SDG 6.4.2. Water Stress,Republic of Moldova,2019,12.45916246,%,E,FALSE
Water use,Pressure on water resources,SDG 6.4.2. Water Stress,Republic of Moldova,2020,12.56311256,%,E,FALSE
Water use,Pressure on water resources,SDG 6.4.2. Water Stress,Republic of Moldova,2021,12.56311256,%,E,FALSE
Water use,Pressure on water resources,SDG 6.4.2. Water Stress,Romania,2017,6.341166557,%,E,FALSE
Water use,Pressure on water resources,SDG 6.4.2. Water Stress,Romania,2018,6.00692819,%,E,FALSE
Water use,Pressure on water resources,SDG 6.4.2. Water Stress,Romania,2019,6.547139781,%,E,FALSE
Water use,Pressure on water resources,SDG 6.4.2. Water Stress,Romania,2020,6.924445277,%,E,FALSE
Water use,Pressure on water resources,SDG 6.4.2. Water Stress,Romania,2021,7.362606497,%,E,FALSE
Water use,Pressure on water resources,SDG 6.4.2. Water Stress,Russia,2017,4.096168705,%,E,FALSE
Water use,Pressure on water resources,SDG 6.4.2. Water Stress,Russia,2018,4.122242749,%,E,FALSE
Water use,Pressure on water resources,SDG 6.4.2. Water Stress,Russia,2019,4.122242749,%,E,FALSE
Water use,Pressure on water resources,SDG 6.4.2. Water Stress,Russia,2020,4.122242749,%,E,FALSE
Water use,Pressure on water resources,SDG 6.4.2. Water Stress,Russia,2021,4.122242749,%,E,FALSE
Water use,Pressure on water resources,SDG 6.4.2. Water Stress,Rwanda,2017,18.2204103,%,E,FALSE
Water use,Pressure on water resources,SDG 6.4.2. Water Stress,Rwanda,2018,19.04397998,%,E,FALSE
Water use,Pressure on water resources,SDG 6.4.2. Water Stress,Rwanda,2019,20.1986755,%,E,FALSE
Water use,Pressure on water resources,SDG 6.4.2. Water Stress,Rwanda,2020,20.1986755,%,E,FALSE
Water use,Pressure on water resources,SDG 6.4.2. Water Stress,Rwanda,2021,20.1986755,%,E,FALSE
Water use,Pressure on water resources,SDG 6.4.2. Water Stress,Saint Kitts and Nevis,2017,50.83333333,%,I,FALSE
Water use,Pressure on water resources,SDG 6.4.2. Water Stress,Saint Kitts and Nevis,2018,50.83333333,%,I,FALSE
Water use,Pressure on water resources,SDG 6.4.2. Water Stress,Saint Kitts and Nevis,2019,50.83333333,%,I,FALSE
Water use,Pressure on water resources,SDG 6.4.2. Water Stress,Saint Kitts and Nevis,2020,50.83333333,%,I,FALSE
Water use,Pressure on water resources,SDG 6.4.2. Water Stress,Saint Kitts and Nevis,2021,50.83333333,%,I,FALSE
Water use,Pressure on water resources,SDG 6.4.2. Water Stress,Saint Lucia,2017,14.3,%,I,FALSE
Water use,Pressure on water resources,SDG 6.4.2. Water Stress,Saint Lucia,2018,14.3,%,I,FALSE
Water use,Pressure on water resources,SDG 6.4.2. Water Stress,Saint Lucia,2019,14.3,%,I,FALSE
Water use,Pressure on water resources,SDG 6.4.2. Water Stress,Saint Lucia,2020,14.3,%,I,FALSE
Water use,Pressure on water resources,SDG 6.4.2. Water Stress,Saint Lucia,2021,14.3,%,I,FALSE
Water use,Pressure on water resources,SDG 6.4.2. Water Stress,Saint Vincent and the Grenadines,2017,7.9,%,I,FALSE
Water use,Pressure on water resources,SDG 6.4.2. Water Stress,Saint Vincent and the Grenadines,2018,7.9,%,I,FALSE
Water use,Pressure on water resources,SDG 6.4.2. Water Stress,Saint Vincent and the Grenadines,2019,7.9,%,I,FALSE
Water use,Pressure on water resources,SDG 6.4.2. Water Stress,Saint Vincent and the Grenadines,2020,7.9,%,I,FALSE
Water use,Pressure on water resources,SDG 6.4.2. Water Stress,Saint Vincent and the Grenadines,2021,7.9,%,I,FALSE
Water use,Pressure on water resources,SDG 6.4.2. Water Stress,Sao Tome and Principe,2017,1.876146789,%,I,FALSE
Water use,Pressure on water resources,SDG 6.4.2. Water Stress,Sao Tome and Principe,2018,1.876146789,%,I,FALSE
Water use,Pressure on water resources,SDG 6.4.2. Water Stress,Sao Tome and Principe,2019,1.876146789,%,I,FALSE
Water use,Pressure on water resources,SDG 6.4.2. Water Stress,Sao Tome and Principe,2020,1.876146789,%,I,FALSE
Water use,Pressure on water resources,SDG 6.4.2. Water Stress,Sao Tome and Principe,2021,1.876146789,%,I,FALSE
Water use,Pressure on water resources,SDG 6.4.2. Water Stress,Saudi Arabia,2017,955.9583333,%,E,FALSE
Water use,Pressure on water resources,SDG 6.4.2. Water Stress,Saudi Arabia,2018,974.1666667,%,E,FALSE
Water use,Pressure on water resources,SDG 6.4.2. Water Stress,Saudi Arabia,2019,974.1666667,%,I,FALSE
Water use,Pressure on water resources,SDG 6.4.2. Water Stress,Saudi Arabia,2020,974.1666667,%,I,FALSE
Water use,Pressure on water resources,SDG 6.4.2. Water Stress,Saudi Arabia,2021,974.1666667,%,I,FALSE
Water use,Pressure on water resources,SDG 6.4.2. Water Stress,Senegal,2017,13.15580287,%,E,FALSE
Water use,Pressure on water resources,SDG 6.4.2. Water Stress,Senegal,2018,16.0861244,%,E,FALSE
Water use,Pressure on water resources,SDG 6.4.2. Water Stress,Senegal,2019,16.2764487,%,E,FALSE
Water use,Pressure on water resources,SDG 6.4.2. Water Stress,Senegal,2020,16.2764487,%,E,FALSE
Water use,Pressure on water resources,SDG 6.4.2. Water Stress,Senegal,2021,16.2764487,%,E,FALSE
Water use,Pressure on water resources,SDG 6.4.2. Water Stress,Serbia,2017,6.059957173,%,E,FALSE
Water use,Pressure on water resources,SDG 6.4.2. Water Stress,Serbia,2018,6.263383298,%,E,FALSE
Water use,Pressure on water resources,SDG 6.4.2. Water Stress,Serbia,2019,6.331567677,%,E,FALSE
Water use,Pressure on water resources,SDG 6.4.2. Water Stress,Serbia,2020,5.990082272,%,E,FALSE
Water use,Pressure on water resources,SDG 6.4.2. Water Stress,Serbia,2021,5.692550434,%,E,FALSE
Water use,Pressure on water resources,SDG 6.4.2. Water Stress,Sierra Leone,2017,0.495794393,%,E,FALSE
Water use,Pressure on water resources,SDG 6.4.2. Water Stress,Sierra Leone,2018,0.495794393,%,E,FALSE
Water use,Pressure on water resources,SDG 6.4.2. Water Stress,Sierra Leone,2019,0.495794393,%,E,FALSE
Water use,Pressure on water resources,SDG 6.4.2. Water Stress,Sierra Leone,2020,0.495794393,%,E,FALSE
Water use,Pressure on water resources,SDG 6.4.2. Water Stress,Sierra Leone,2021,0.495794393,%,E,FALSE
Water use,Pressure on water resources,SDG 6.4.2. Water Stress,Singapore,2017,83.21666667,%,E,FALSE
Water use,Pressure on water resources,SDG 6.4.2. Water Stress,Singapore,2018,81.38333333,%,E,FALSE
Water use,Pressure on water resources,SDG 6.4.2. Water Stress,Singapore,2019,82.16666667,%,E,FALSE
Water use,Pressure on water resources,SDG 6.4.2. Water Stress,Singapore,2020,83.11666667,%,E,FALSE
Water use,Pressure on water resources,SDG 6.4.2. Water Stress,Singapore,2021,83.11666667,%,E,FALSE
Water use,Pressure on water resources,SDG 6.4.2. Water Stress,Slovakia,2017,2.393717728,%,E,FALSE
Water use,Pressure on water resources,SDG 6.4.2. Water Stress,Slovakia,2018,2.394578313,%,E,FALSE
Water use,Pressure on water resources,SDG 6.4.2. Water Stress,Slovakia,2019,2.403614458,%,E,FALSE
Water use,Pressure on water resources,SDG 6.4.2. Water Stress,Slovakia,2020,2.388123924,%,E,FALSE
Water use,Pressure on water resources,SDG 6.4.2. Water Stress,Slovakia,2021,2.436631239,%,E,FALSE
Water use,Pressure on water resources,SDG 6.4.2. Water Stress,Slovenia,2017,6.29749831,%,E,FALSE
Water use,Pressure on water resources,SDG 6.4.2. Water Stress,Slovenia,2018,6.497633536,%,E,FALSE
Water use,Pressure on water resources,SDG 6.4.2. Water Stress,Slovenia,2019,6.382691007,%,E,FALSE
Water use,Pressure on water resources,SDG 6.4.2. Water Stress,Slovenia,2020,6.781609195,%,E,FALSE
Water use,Pressure on water resources,SDG 6.4.2. Water Stress,Slovenia,2021,6.29479378,%,E,FALSE
Water use,Pressure on water resources,SDG 6.4.2. Water Stress,Somalia,2017,24.52774059,%,E,FALSE
Water use,Pressure on water resources,SDG 6.4.2. Water Stress,Somalia,2018,24.52774059,%,E,FALSE
Water use,Pressure on water resources,SDG 6.4.2. Water Stress,Somalia,2019,24.52774059,%,E,FALSE
Water use,Pressure on water resources,SDG 6.4.2. Water Stress,Somalia,2020,24.52774059,%,E,FALSE
Water use,Pressure on water resources,SDG 6.4.2. Water Stress,Somalia,2021,24.52774059,%,E,FALSE
Water use,Pressure on water resources,SDG 6.4.2. Water Stress,South Africa,2017,62.05571566,%,E,FALSE
Water use,Pressure on water resources,SDG 6.4.2. Water Stress,South Africa,2018,62.88824848,%,E,FALSE
Water use,Pressure on water resources,SDG 6.4.2. Water Stress,South Africa,2019,64.04098623,%,E,FALSE
Water use,Pressure on water resources,SDG 6.4.2. Water Stress,South Africa,2020,65.03362152,%,E,FALSE
Water use,Pressure on water resources,SDG 6.4.2. Water Stress,South Africa,2021,66.89081012,%,E,FALSE
Water use,Pressure on water resources,SDG 6.4.2. Water Stress,South Sudan,2017,4.226075787,%,E,FALSE
Water use,Pressure on water resources,SDG 6.4.2. Water Stress,South Sudan,2018,4.226075787,%,E,FALSE
Water use,Pressure on water resources,SDG 6.4.2. Water Stress,South Sudan,2019,4.226075787,%,E,FALSE
Water use,Pressure on water resources,SDG 6.4.2. Water Stress,South Sudan,2020,4.226075787,%,E,FALSE
Water use,Pressure on water resources,SDG 6.4.2. Water Stress,South Sudan,2021,4.226075787,%,E,FALSE
Water use,Pressure on water resources,SDG 6.4.2. Water Stress,Spain,2017,41.02794819,%,E,FALSE
Water use,Pressure on water resources,SDG 6.4.2. Water Stress,Spain,2018,40.09406953,%,E,FALSE
Water use,Pressure on water resources,SDG 6.4.2. Water Stress,Spain,2019,39.82890252,%,E,FALSE
Water use,Pressure on water resources,SDG 6.4.2. Water Stress,Spain,2020,43.25403923,%,E,FALSE
Water use,Pressure on water resources,SDG 6.4.2. Water Stress,Spain,2021,43.25403923,%,E,FALSE
Water use,Pressure on water resources,SDG 6.4.2. Water Stress,Sri Lanka,2017,90.78541375,%,E,FALSE
Water use,Pressure on water resources,SDG 6.4.2. Water Stress,Sri Lanka,2018,90.78541375,%,E,FALSE
Water use,Pressure on water resources,SDG 6.4.2. Water Stress,Sri Lanka,2019,90.78541375,%,E,FALSE
Water use,Pressure on water resources,SDG 6.4.2. Water Stress,Sri Lanka,2020,90.78541375,%,E,FALSE
Water use,Pressure on water resources,SDG 6.4.2. Water Stress,Sri Lanka,2021,90.78541375,%,E,FALSE
Water use,Pressure on water resources,SDG 6.4.2. Water Stress,Sudan,2017,118.6563877,%,E,FALSE
Water use,Pressure on water resources,SDG 6.4.2. Water Stress,Sudan,2018,118.6563877,%,E,FALSE
Water use,Pressure on water resources,SDG 6.4.2. Water Stress,Sudan,2019,118.6563877,%,E,FALSE
Water use,Pressure on water resources,SDG 6.4.2. Water Stress,Sudan,2020,118.6563877,%,E,FALSE
Water use,Pressure on water resources,SDG 6.4.2. Water Stress,Sudan,2021,118.6563877,%,E,FALSE
Water use,Pressure on water resources,SDG 6.4.2. Water Stress,Suriname,2017,3.950609365,%,E,FALSE
Water use,Pressure on water resources,SDG 6.4.2. Water Stress,Suriname,2018,3.950609365,%,E,FALSE
Water use,Pressure on water resources,SDG 6.4.2. Water Stress,Suriname,2019,3.950609365,%,E,FALSE
Water use,Pressure on water resources,SDG 6.4.2. Water Stress,Suriname,2020,3.950609365,%,E,FALSE
Water use,Pressure on water resources,SDG 6.4.2. Water Stress,Suriname,2021,3.950609365,%,E,FALSE
Water use,Pressure on water resources,SDG 6.4.2. Water Stress,Sweden,2017,3.48946609,%,E,FALSE
Water use,Pressure on water resources,SDG 6.4.2. Water Stress,Sweden,2018,3.520634921,%,E,FALSE
Water use,Pressure on water resources,SDG 6.4.2. Water Stress,Sweden,2019,3.551803752,%,E,FALSE
Water use,Pressure on water resources,SDG 6.4.2. Water Stress,Sweden,2020,3.582972583,%,E,FALSE
Water use,Pressure on water resources,SDG 6.4.2. Water Stress,Sweden,2021,3.582972583,%,E,FALSE
Water use,Pressure on water resources,SDG 6.4.2. Water Stress,Switzerland,2017,6.498855835,%,E,FALSE
Water use,Pressure on water resources,SDG 6.4.2. Water Stress,Switzerland,2018,6.498855835,%,E,FALSE
Water use,Pressure on water resources,SDG 6.4.2. Water Stress,Switzerland,2019,6.498855835,%,E,FALSE
Water use,Pressure on water resources,SDG 6.4.2. Water Stress,Switzerland,2020,6.498855835,%,E,FALSE
Water use,Pressure on water resources,SDG 6.4.2. Water Stress,Switzerland,2021,6.498855835,%,E,FALSE
Water use,Pressure on water resources,SDG 6.4.2. Water Stress,Syrian Arab Republic,2017,124.3601389,%,E,FALSE
Water use,Pressure on water resources,SDG 6.4.2. Water Stress,Syrian Arab Republic,2018,124.3601389,%,E,FALSE
Water use,Pressure on water resources,SDG 6.4.2. Water Stress,Syrian Arab Republic,2019,124.3601389,%,E,FALSE
Water use,Pressure on water resources,SDG 6.4.2. Water Stress,Syrian Arab Republic,2020,124.3601389,%,E,FALSE
Water use,Pressure on water resources,SDG 6.4.2. Water Stress,Syrian Arab Republic,2021,124.3601389,%,E,FALSE
Water use,Pressure on water resources,SDG 6.4.2. Water Stress,Tajikistan,2017,52.69824515,%,E,FALSE
Water use,Pressure on water resources,SDG 6.4.2. Water Stress,Tajikistan,2018,64.48080222,%,E,FALSE
Water use,Pressure on water resources,SDG 6.4.2. Water Stress,Tajikistan,2019,69.94326428,%,E,FALSE
Water use,Pressure on water resources,SDG 6.4.2. Water Stress,Tajikistan,2020,69.94326428,%,E,FALSE
Water use,Pressure on water resources,SDG 6.4.2. Water Stress,Tajikistan,2021,69.94326428,%,E,FALSE
Water use,Pressure on water resources,SDG 6.4.2. Water Stress,Thailand,2017,23.01393518,%,E,FALSE
Water use,Pressure on water resources,SDG 6.4.2. Water Stress,Thailand,2018,23.01393518,%,E,FALSE
Water use,Pressure on water resources,SDG 6.4.2. Water Stress,Thailand,2019,23.01393518,%,E,FALSE
Water use,Pressure on water resources,SDG 6.4.2. Water Stress,Thailand,2020,23.01393518,%,E,FALSE
Water use,Pressure on water resources,SDG 6.4.2. Water Stress,Thailand,2021,23.01393518,%,E,FALSE
Water use,Pressure on water resources,SDG 6.4.2. Water Stress,Timor-Leste,2017,28.26821032,%,E,FALSE
Water use,Pressure on water resources,SDG 6.4.2. Water Stress,Timor-Leste,2018,28.26821032,%,E,FALSE
Water use,Pressure on water resources,SDG 6.4.2. Water Stress,Timor-Leste,2019,28.26821032,%,E,FALSE
Water use,Pressure on water resources,SDG 6.4.2. Water Stress,Timor-Leste,2020,28.26821032,%,E,FALSE
Water use,Pressure on water resources,SDG 6.4.2. Water Stress,Timor-Leste,2021,28.26821032,%,E,FALSE
Water use,Pressure on water resources,SDG 6.4.2. Water Stress,Togo,2017,3.391634981,%,E,FALSE
Water use,Pressure on water resources,SDG 6.4.2. Water Stress,Togo,2018,3.391634981,%,E,FALSE
Water use,Pressure on water resources,SDG 6.4.2. Water Stress,Togo,2019,3.391634981,%,E,FALSE
Water use,Pressure on water resources,SDG 6.4.2. Water Stress,Togo,2020,3.391634981,%,E,FALSE
Water use,Pressure on water resources,SDG 6.4.2. Water Stress,Togo,2021,3.391634981,%,E,FALSE
Water use,Pressure on water resources,SDG 6.4.2. Water Stress,Trinidad and Tobago,2017,20.32648126,%,E,FALSE
Water use,Pressure on water resources,SDG 6.4.2. Water Stress,Trinidad and Tobago,2018,20.32648126,%,E,FALSE
Water use,Pressure on water resources,SDG 6.4.2. Water Stress,Trinidad and Tobago,2019,20.32648126,%,E,FALSE
Water use,Pressure on water resources,SDG 6.4.2. Water Stress,Trinidad and Tobago,2020,20.32648126,%,E,FALSE
Water use,Pressure on water resources,SDG 6.4.2. Water Stress,Trinidad and Tobago,2021,20.32648126,%,E,FALSE
Water use,Pressure on water resources,SDG 6.4.2. Water Stress,Tunisia,2017,89.53101592,%,E,FALSE
Water use,Pressure on water resources,SDG 6.4.2. Water Stress,Tunisia,2018,95.9987812,%,E,FALSE
Water use,Pressure on water resources,SDG 6.4.2. Water Stress,Tunisia,2019,96.31059086,%,E,FALSE
Water use,Pressure on water resources,SDG 6.4.2. Water Stress,Tunisia,2020,98.11339918,%,E,FALSE
Water use,Pressure on water resources,SDG 6.4.2. Water Stress,Tunisia,2021,98.11339918,%,E,FALSE
Water use,Pressure on water resources,SDG 6.4.2. Water Stress,Turkmenistan,2017,148.6666667,%,E,FALSE
Water use,Pressure on water resources,SDG 6.4.2. Water Stress,Turkmenistan,2018,138.4853168,%,E,FALSE
Water use,Pressure on water resources,SDG 6.4.2. Water Stress,Turkmenistan,2019,142.7516744,%,E,FALSE
Water use,Pressure on water resources,SDG 6.4.2. Water Stress,Turkmenistan,2020,135.2138073,%,E,FALSE
Water use,Pressure on water resources,SDG 6.4.2. Water Stress,Turkmenistan,2021,135.2138073,%,E,FALSE
Water use,Pressure on water resources,SDG 6.4.2. Water Stress,Turkey,2017,43.66707643,%,E,FALSE
Water use,Pressure on water resources,SDG 6.4.2. Water Stress,Turkey,2018,45.37887544,%,E,FALSE
Water use,Pressure on water resources,SDG 6.4.2. Water Stress,Turkey,2019,46.28214365,%,E,FALSE
Water use,Pressure on water resources,SDG 6.4.2. Water Stress,Turkey,2020,47.16312858,%,E,FALSE
Water use,Pressure on water resources,SDG 6.4.2. Water Stress,Turkey,2021,43.37814752,%,E,FALSE
Water use,Pressure on water resources,SDG 6.4.2. Water Stress,Uganda,2017,5.82799634,%,E,FALSE
Water use,Pressure on water resources,SDG 6.4.2. Water Stress,Uganda,2018,5.82799634,%,E,FALSE
Water use,Pressure on water resources,SDG 6.4.2. Water Stress,Uganda,2019,5.82799634,%,E,FALSE
Water use,Pressure on water resources,SDG 6.4.2. Water Stress,Uganda,2020,5.82799634,%,E,FALSE
Water use,Pressure on water resources,SDG 6.4.2. Water Stress,Uganda,2021,5.82799634,%,E,FALSE
Water use,Pressure on water resources,SDG 6.4.2. Water Stress,Ukraine,2017,13.87017362,%,E,FALSE
Water use,Pressure on water resources,SDG 6.4.2. Water Stress,Ukraine,2018,13.87017362,%,E,FALSE
Water use,Pressure on water resources,SDG 6.4.2. Water Stress,Ukraine,2019,13.72894532,%,E,FALSE
Water use,Pressure on water resources,SDG 6.4.2. Water Stress,Ukraine,2020,12.25576574,%,E,FALSE
Water use,Pressure on water resources,SDG 6.4.2. Water Stress,Ukraine,2021,12.25576574,%,E,FALSE
Water use,Pressure on water resources,SDG 6.4.2. Water Stress,United Arab Emirates,2017,1630,%,E,FALSE
Water use,Pressure on water resources,SDG 6.4.2. Water Stress,United Arab Emirates,2018,1667.333333,%,E,FALSE
Water use,Pressure on water resources,SDG 6.4.2. Water Stress,United Arab Emirates,2019,1628.666667,%,E,FALSE
Water use,Pressure on water resources,SDG 6.4.2. Water Stress,United Arab Emirates,2020,1587.333333,%,E,FALSE
Water use,Pressure on water resources,SDG 6.4.2. Water Stress,United Arab Emirates,2021,1533.333333,%,E,FALSE
Water use,Pressure on water resources,SDG 6.4.2. Water Stress,United Kingdom of Britain and Northern Ireland,2017,14.35464621,%,E,FALSE
Water use,Pressure on water resources,SDG 6.4.2. Water Stress,United Kingdom of Britain and Northern Ireland,2018,14.35464621,%,E,FALSE
Water use,Pressure on water resources,SDG 6.4.2. Water Stress,United Kingdom of Britain and Northern Ireland,2019,14.35464621,%,E,FALSE
Water use,Pressure on water resources,SDG 6.4.2. Water Stress,United Kingdom of Britain and Northern Ireland,2020,14.35464621,%,E,FALSE
Water use,Pressure on water resources,SDG 6.4.2. Water Stress,United Kingdom of Britain and Northern Ireland,2021,14.35464621,%,E,FALSE
Water use,Pressure on water resources,SDG 6.4.2. Water Stress,United Republic of Tanzania,2017,12.96324081,%,E,FALSE
Water use,Pressure on water resources,SDG 6.4.2. Water Stress,United Republic of Tanzania,2018,12.96324081,%,E,FALSE
Water use,Pressure on water resources,SDG 6.4.2. Water Stress,United Republic of Tanzania,2019,12.96324081,%,E,FALSE
Water use,Pressure on water resources,SDG 6.4.2. Water Stress,United Republic of Tanzania,2020,12.96324081,%,E,FALSE
Water use,Pressure on water resources,SDG 6.4.2. Water Stress,United Republic of Tanzania,2021,12.96324081,%,E,FALSE
Water use,Pressure on water resources,SDG 6.4.2. Water Stress,United States of America,2017,28.16198427,%,E,FALSE
Water use,Pressure on water resources,SDG 6.4.2. Water Stress,United States of America,2018,28.16198427,%,E,FALSE
Water use,Pressure on water resources,SDG 6.4.2. Water Stress,United States of America,2019,28.16198427,%,E,FALSE
Water use,Pressure on water resources,SDG 6.4.2. Water Stress,United States of America,2020,28.16198427,%,E,FALSE
Water use,Pressure on water resources,SDG 6.4.2. Water Stress,United States of America,2021,28.16198427,%,E,FALSE
Water use,Pressure on water resources,SDG 6.4.2. Water Stress,Uruguay,2017,9.786096257,%,E,FALSE
Water use,Pressure on water resources,SDG 6.4.2. Water Stress,Uruguay,2018,9.786096257,%,E,FALSE
Water use,Pressure on water resources,SDG 6.4.2. Water Stress,Uruguay,2019,9.786096257,%,E,FALSE
Water use,Pressure on water resources,SDG 6.4.2. Water Stress,Uruguay,2020,9.786096257,%,E,FALSE
Water use,Pressure on water resources,SDG 6.4.2. Water Stress,Uruguay,2021,9.786096257,%,E,FALSE
Water use,Pressure on water resources,SDG 6.4.2. Water Stress,Uzbekistan,2017,168.9131058,%,E,FALSE
Water use,Pressure on water resources,SDG 6.4.2. Water Stress,Uzbekistan,2018,160.3842845,%,E,FALSE
Water use,Pressure on water resources,SDG 6.4.2. Water Stress,Uzbekistan,2019,151.843992,%,E,FALSE
Water use,Pressure on water resources,SDG 6.4.2. Water Stress,Uzbekistan,2020,143.2606825,%,E,FALSE
Water use,Pressure on water resources,SDG 6.4.2. Water Stress,Uzbekistan,2021,121.8353886,%,E,FALSE
Water use,Pressure on water resources,SDG 6.4.2. Water Stress,Venezuela (Bolivarian Republic of),2017,7.540366667,%,E,FALSE
Water use,Pressure on water resources,SDG 6.4.2. Water Stress,Venezuela (Bolivarian Republic of),2018,7.540366667,%,E,FALSE
Water use,Pressure on water resources,SDG 6.4.2. Water Stress,Venezuela (Bolivarian Republic of),2019,7.540366667,%,E,FALSE
Water use,Pressure on water resources,SDG 6.4.2. Water Stress,Venezuela (Bolivarian Republic of),2020,7.540366667,%,E,FALSE
Water use,Pressure on water resources,SDG 6.4.2. Water Stress,Venezuela (Bolivarian Republic of),2021,7.540366667,%,E,FALSE
Water use,Pressure on water resources,SDG 6.4.2. Water Stress,Viet Nam,2017,18.13031538,%,E,FALSE
Water use,Pressure on water resources,SDG 6.4.2. Water Stress,Viet Nam,2018,18.13031538,%,E,FALSE
Water use,Pressure on water resources,SDG 6.4.2. Water Stress,Viet Nam,2019,18.13031538,%,E,FALSE
Water use,Pressure on water resources,SDG 6.4.2. Water Stress,Viet Nam,2020,18.13031538,%,E,FALSE
Water use,Pressure on water resources,SDG 6.4.2. Water Stress,Viet Nam,2021,18.13031538,%,E,FALSE
Water use,Pressure on water resources,SDG 6.4.2. Water Stress,Yemen,2017,169.7619048,%,I,FALSE
Water use,Pressure on water resources,SDG 6.4.2. Water Stress,Yemen,2018,169.7619048,%,I,FALSE
Water use,Pressure on water resources,SDG 6.4.2. Water Stress,Yemen,2019,169.7619048,%,I,FALSE
Water use,Pressure on water resources,SDG 6.4.2. Water Stress,Yemen,2020,169.7619048,%,I,FALSE
Water use,Pressure on water resources,SDG 6.4.2. Water Stress,Yemen,2021,169.7619048,%,I,FALSE
Water use,Pressure on water resources,SDG 6.4.2. Water Stress,Zambia,2017,2.835497836,%,E,FALSE
Water use,Pressure on water resources,SDG 6.4.2. Water Stress,Zambia,2018,2.835497836,%,E,FALSE
Water use,Pressure on water resources,SDG 6.4.2. Water Stress,Zambia,2019,2.835497836,%,E,FALSE
Water use,Pressure on water resources,SDG 6.4.2. Water Stress,Zambia,2020,2.835497836,%,E,FALSE
Water use,Pressure on water resources,SDG 6.4.2. Water Stress,Zambia,2021,2.835497836,%,E,FALSE
Water use,Pressure on water resources,SDG 6.4.2. Water Stress,Zimbabwe,2017,31.34622606,%,E,FALSE
Water use,Pressure on water resources,SDG 6.4.2. Water Stress,Zimbabwe,2018,35.40538538,%,E,FALSE
Water use,Pressure on water resources,SDG 6.4.2. Water Stress,Zimbabwe,2019,39.76966178,%,E,FALSE
Water use,Pressure on water resources,SDG 6.4.2. Water Stress,Zimbabwe,2020,46.09162031,%,E,FALSE
Water use,Pressure on water resources,SDG 6.4.2. Water Stress,Zimbabwe,2021,46.09162031,%,E,FALSE
